factor,timeframe,mkt_cap_class,top,side,cumulative_rtn,ann_rtn,ann_volatility,ann_sharpe
BAR,DAILY,SMALL,100,SHORT,-1.000000066125077,-1.000000004870950,19.495792343091094,-0.445631719282055
BAR,DAILY,SMALL,100,NEUTRAL,-0.998585225139646,-0.999895715551123,0.917734679331147,-0.649718255317089
BAR,WEEKLY,MID,50,SHORT,1.549872052588672,1.034126022948594,0.211956237196092,0.443404352681127
BAR,WEEKLY,MID,50,NEUTRAL,2.933561840248762,1.085911990778110,0.073854940678704,1.458428072762733
BAR,WEEKLY,MID,100,LONG,2.774714550097260,1.081292227678322,0.208584376359843,0.593279107997105
BAR,WEEKLY,MID,100,SHORT,1.459351021078558,1.029370888719419,0.188346865665878,0.459449207626731
BAR,WEEKLY,MID,100,NEUTRAL,2.851423857864110,1.083552833262030,0.059592586603315,1.764351766922368
BAR,WEEKLY,SMALL,20,LONG,6.400214188304118,1.152765482454574,0.284108522908122,0.673486569138200
BAR,WEEKLY,SMALL,20,SHORT,-0.774387230611853,-0.980609420589669,2.544049203621745,-0.305714490976602
BAR,WEEKLY,SMALL,20,NEUTRAL,-5.500871870081730,-1.139474534305048,1.283719590037459,-0.228402463240132
BAR,WEEKLY,SMALL,50,LONG,52.210075129710918,1.353789497909756,0.376957065876104,0.954074342856891
BAR,WEEKLY,SMALL,50,SHORT,3.597541544296336,1.103013202228930,2.560224327840966,-0.584761893612170
BAR,WEEKLY,SMALL,50,NEUTRAL,1.354411645510583,1.023504814786276,1.289583841818011,-0.441024664013178
BAR,WEEKLY,SMALL,100,LONG,23.683357951959583,1.274263604872848,0.252569501424875,1.087039119306012
BAR,WEEKLY,SMALL,100,SHORT,-0.999999999959972,-0.999999999996935,2.848603003859640,-0.841738580966860
BAR,DAILY,LARGE,20,LONG,5.286523346652106,1.132141945279559,0.233763296019116,0.698377390211481
BAR,DAILY,LARGE,20,SHORT,-0.729477815199649,-0.976764171369218,0.245525919158213,-0.266608694714643
BAR,DAILY,LARGE,20,NEUTRAL,0.886399879173823,0.991052411728258,0.056343168656512,0.867857258542559
BAR,DAILY,LARGE,50,LONG,4.171044660637150,1.112319188022701,0.224789546970137,0.652294730166121
BAR,DAILY,LARGE,50,SHORT,-0.779379119414313,-0.981593299261193,0.233968231069544,-0.356688762500352
BAR,DAILY,LARGE,50,NEUTRAL,0.513765645525228,0.951573011992378,0.036987105872169,0.854016509142410
BAR,DAILY,LARGE,100,LONG,3.702353457880764,1.102480767247927,0.223120106742156,0.623778972149301
BAR,DAILY,LARGE,100,SHORT,-0.813982754354412,-0.984776733108715,0.227974824380346,-0.427915272298054
BAR,DAILY,LARGE,100,NEUTRAL,0.315228217649717,0.917551482446487,0.027856911125617,0.747098657312551
BAR,DAILY,MID,20,LONG,6.177000253101247,1.143673134081767,0.228185589631234,0.751535731458481
BAR,DAILY,MID,20,SHORT,-0.213528890341178,-0.892406307873442,0.199820355250246,0.010784897127834
BAR,DAILY,MID,20,NEUTRAL,2.112179094522754,1.056675234970234,0.078867246962961,1.100866789915749
BAR,DAILY,MID,50,LONG,6.620819585684877,1.149538784037767,0.223804304199101,0.781510769554169
BAR,DAILY,MID,50,SHORT,0.011303128437229,0.718567454705377,0.198082182356013,0.102851134986598
BAR,DAILY,MID,50,NEUTRAL,2.647309087228508,1.074415478303396,0.066671429198451,1.464483764843714
BAR,DAILY,MID,100,LONG,7.068340613802528,1.155095537067183,0.223873293762215,0.800198187292143
BAR,DAILY,MID,100,SHORT,0.129195622264195,0.859952922469782,0.192394568715524,0.142555231544421
BAR,DAILY,MID,100,NEUTRAL,2.958487532894000,1.083255025487464,0.060474474397956,1.707909479158383
BAR,DAILY,SMALL,20,LONG,154482.075931506750106,2.411163295738227,19.415751237407167,0.377229667679698
BAR,DAILY,SMALL,20,SHORT,273.849734336029945,1.512006541769791,19.417433929040568,-0.370741080021452
BAR,DAILY,SMALL,20,NEUTRAL,0.878782159947408,0.990526597373299,0.177520797414788,0.353076830339481
BAR,DAILY,SMALL,50,LONG,259631.332176374454233,2.505163121520907,19.415641277597382,0.379121583641798
BAR,DAILY,SMALL,50,SHORT,-142.430602861004737,-1.440921010073124,19.627364477184510,-0.432788345617605
BAR,DAILY,SMALL,50,NEUTRAL,-0.868287558255035,-0.989650378925302,1.445437340053290,-0.392132505823069
BAR,DAILY,SMALL,100,LONG,988269.804604910749320,2.764385128701936,19.418589390552191,0.385991245835104
BAR,MONTHLY,LARGE,20,LONG,2.905656785830986,1.084384028746980,0.149754614195314,0.768365117736199
BAR,MONTHLY,LARGE,20,SHORT,-0.638876273805404,-0.966543770447749,0.192041944488134,-0.304495876305496
BAR,MONTHLY,LARGE,20,NEUTRAL,0.411643371811468,0.934809513564631,0.064070549326797,0.441624445146805
BAR,MONTHLY,LARGE,50,LONG,2.971806018383027,1.086239532447877,0.145510604236182,0.795603557449559
BAR,MONTHLY,LARGE,50,SHORT,-0.601706295602886,-0.962153572228727,0.173633801895043,-0.314914205230978
BAR,MONTHLY,LARGE,50,NEUTRAL,0.478063593129291,0.945490434794522,0.040774119277617,0.749114937786861
BAR,MONTHLY,LARGE,100,LONG,2.846420266960022,1.082688997127162,0.147012397937517,0.772727604152972
BAR,MONTHLY,LARGE,100,SHORT,-0.644066657974338,-0.967137930798802,0.155135309424452,-0.426617577429398
BAR,MONTHLY,LARGE,100,NEUTRAL,0.359663454516133,0.925274526588591,0.026480562168240,0.895318759801288
BAR,MONTHLY,MID,20,LONG,3.273293925523150,1.094240500807933,0.194213198277241,0.667624765704193
BAR,MONTHLY,MID,20,SHORT,-1.753514333619345,-1.043577623883619,0.400783829514357,0.083352131206763
BAR,MONTHLY,MID,20,NEUTRAL,1.098544092315134,1.007163695659527,0.180045139590791,0.452852345001806
BAR,MONTHLY,MID,50,LONG,2.567080093344957,1.074228486185286,0.179297962623617,0.629971271513597
BAR,MONTHLY,MID,50,SHORT,0.815208053203860,0.984602413034406,0.265097993505829,0.336435270233268
BAR,MONTHLY,MID,50,NEUTRAL,2.518156976132167,1.072659750288679,0.095525617974025,1.058045395907281
BAR,MONTHLY,MID,100,LONG,3.139059070409407,1.090766036445109,0.176974701757772,0.700541176645997
BAR,MONTHLY,MID,100,SHORT,0.521864227148087,0.951806514626209,0.201313632035776,0.264773457723076
LOAN_RATE_RANGE,WEEKLY,MID,100,LONG,1.836839365792353,1.047667371948953,0.168129703482287,0.560054095481628
SHORT_RATIO,DAILY,SMALL,50,NEUTRAL,-1.000000000000000,-1.000000000000000,372.958111154022563,-0.696774908071453
SHORT_RATIO,MONTHLY,MID,20,LONG,-0.337497137799375,-0.920331339415477,0.156515867831508,-0.121094512363684
UTILIZATION_PCT_DELTA,DAILY,LARGE,50,LONG,0.110833496910164,0.846778665154100,0.174600712879549,0.133443962099694
UTILIZATION_PCT_DELTA,DAILY,LARGE,50,SHORT,-0.251816475631522,-0.900984734696781,0.176929777968757,-0.036062179760975
UTILIZATION_PCT_DELTA,DAILY,LARGE,50,NEUTRAL,0.113225135213226,0.848104678745795,0.026447242347425,0.319958030858101
UTILIZATION_PCT_DELTA,DAILY,LARGE,100,LONG,0.560093323776030,0.957120421470956,0.180257261670046,0.277331830673647
UTILIZATION_PCT_DELTA,DAILY,LARGE,100,SHORT,-0.347282956360271,-0.923149837430378,0.181756466704092,-0.087126806548323
UTILIZATION_PCT_DELTA,DAILY,LARGE,100,NEUTRAL,0.250200091968315,0.900517857237628,0.019681942610998,0.867939389876803
UTILIZATION_PCT_DELTA,DAILY,MID,20,LONG,0.919340375709940,0.993815191702424,0.183934731996220,0.353397387834292
UTILIZATION_PCT_DELTA,DAILY,MID,20,SHORT,-0.370844391715635,-0.929435081711716,0.189100422833801,-0.086375756666116
UTILIZATION_PCT_DELTA,DAILY,MID,20,NEUTRAL,0.363086049038087,0.927986565607428,0.054476616305653,0.446690387654047
UTILIZATION_PCT_DELTA,DAILY,MID,50,LONG,1.091720604268245,1.006494728472335,0.186389459656001,0.385498143451271
UTILIZATION_PCT_DELTA,WEEKLY,LARGE,50,NEUTRAL,0.122535835832395,0.851281660763661,0.029905501705283,0.311329433824152
UTILIZATION_PCT_DELTA,WEEKLY,LARGE,100,LONG,1.449322201506241,1.028870542717646,0.166373089919753,0.497064675990460
UTILIZATION_PCT_DELTA,WEEKLY,LARGE,100,SHORT,-0.665994747491635,-0.969305970087938,0.168366566014818,-0.415186593459013
UTILIZATION_PCT_DELTA,WEEKLY,LARGE,100,NEUTRAL,0.083832529766320,0.826855982104951,0.021147404253492,0.302511005252443
UTILIZATION_PCT_DELTA,WEEKLY,MID,20,LONG,0.238109563765272,0.895779611729987,0.160553251401800,0.183482577842146
UTILIZATION_PCT_DELTA,WEEKLY,MID,20,SHORT,0.335485967138838,0.919646753982167,0.167619518554664,0.215035975738145
UTILIZATION_PCT_DELTA,WEEKLY,MID,20,NEUTRAL,0.507756595255586,0.949346844543182,0.050023678536990,0.654719455755994
UTILIZATION_PCT_DELTA,WEEKLY,MID,50,LONG,0.432908861142179,0.937805993574005,0.166800661764894,0.249997585595610
UTILIZATION_PCT_DELTA,WEEKLY,MID,50,SHORT,-0.017872186070917,-0.734427162014851,0.172133190492839,0.077007408806320
UTILIZATION_PCT_DELTA,WEEKLY,MID,50,NEUTRAL,0.416240018006328,0.934986050838568,0.039564922262542,0.694495155604295
UTILIZATION_PCT_DELTA,WEEKLY,MID,100,LONG,0.566951543114392,0.957409910766934,0.173323903450125,0.286554656903494
UTILIZATION_PCT_DELTA,WEEKLY,MID,100,SHORT,-0.388488777869906,-0.930051299531825,0.182276131316405,-0.116425398629992
UTILIZATION_PCT_DELTA,WEEKLY,MID,100,NEUTRAL,0.196530601435297,0.882691215663789,0.030379318501977,0.468167191361285
UTILIZATION_PCT_DELTA,WEEKLY,SMALL,20,LONG,3.066572704481662,1.089743881401100,0.418963320702514,0.418980900525617
UTILIZATION_PCT_DELTA,WEEKLY,SMALL,20,SHORT,27.719301571412074,1.290196526504779,69.866283192249305,-0.279121179411173
UTILIZATION_PCT_DELTA,WEEKLY,SMALL,20,NEUTRAL,-67.247155755822216,-1.380942452986002,34.934099532322570,-0.276601114598926
UTILIZATION_PCT_DELTA,WEEKLY,SMALL,50,LONG,2.291080214655425,1.065647842296568,0.602570769567238,0.315404374957021
UTILIZATION_PCT_DELTA,WEEKLY,SMALL,50,SHORT,-11.718311023413210,-1.207752230428155,27.951590944794978,-0.281413691345451
UTILIZATION_PCT_DELTA,WEEKLY,SMALL,50,NEUTRAL,-51.916505218335149,-1.353808854207653,13.979956331206739,-0.274532578927861
UTILIZATION_PCT_DELTA,WEEKLY,SMALL,100,LONG,17.575634549370988,1.245890575848448,0.552877331861096,0.596598153604905
UTILIZATION_PCT_DELTA,WEEKLY,SMALL,100,SHORT,-5.932312284294691,-1.146313259610997,13.974752484191613,-0.286319499008035
UTILIZATION_PCT_DELTA,WEEKLY,SMALL,100,NEUTRAL,-61.922734691955488,-1.372233550424172,6.994659668790344,-0.262442971389889
BAR,MONTHLY,MID,100,NEUTRAL,2.118124283611767,1.058658296912450,0.061124803042576,1.450152502932273
BAR,MONTHLY,SMALL,20,LONG,135024.210895673772664,2.452740021581502,1327.835134974015634,0.276717556103250
BAR,MONTHLY,SMALL,20,SHORT,-5383.041569546559327,-1.920300499826408,43.897417612898653,-0.286241802024557
BAR,MONTHLY,SMALL,20,NEUTRAL,-395817.690557877485720,-2.661498451084418,664.433074586710189,0.267047225002333
BAR,MONTHLY,SMALL,50,LONG,61028.465184637357926,2.309181984449834,531.119494523304787,0.277021770604525
BAR,MONTHLY,SMALL,50,SHORT,25.681655261155481,1.279557997501300,17.644096466762500,-0.339963816220025
BAR,MONTHLY,SMALL,50,NEUTRAL,-1.097081858245181,-1.007061815208566,265.782763348327447,0.265505006097529
BAR,MONTHLY,SMALL,100,LONG,14333.438791760046543,2.068579335949391,265.553900950980806,0.277323661109233
BAR,MONTHLY,SMALL,100,SHORT,-0.999999999999529,-0.999999999999964,12.683882400720386,-0.585965502807838
BAR,MONTHLY,SMALL,100,NEUTRAL,-1.955993070426034,-1.052274782889987,133.020286338772925,0.248879566897202
BAR,WEEKLY,LARGE,20,LONG,1.909329815824260,1.050777501217363,0.170953887007426,0.564965954535619
BAR,WEEKLY,LARGE,20,SHORT,-0.406971448729647,-0.933467395083556,0.201200900479325,-0.097790110170513
BAR,WEEKLY,LARGE,20,NEUTRAL,0.612237023977835,0.963122697979764,0.061021975914463,0.630163695766344
BAR,WEEKLY,LARGE,50,LONG,1.981133354737089,1.053752468919594,0.165184865627185,0.590088744905029
BAR,WEEKLY,LARGE,50,SHORT,-0.516382207689568,-0.950645109412817,0.187672670133407,-0.202552213631691
BAR,WEEKLY,LARGE,50,NEUTRAL,0.456529916981221,0.941718411319904,0.042902038618168,0.692976571472028
BAR,WEEKLY,LARGE,100,LONG,2.408144393682374,1.069622360054322,0.167178743306970,0.646370167033761
BAR,WEEKLY,LARGE,100,SHORT,-0.585223766356489,-0.959800050094122,0.173265496754162,-0.302335664918078
BAR,WEEKLY,LARGE,100,NEUTRAL,0.430808283429191,0.937545379891386,0.028102955114632,0.990554424618198
BAR,WEEKLY,MID,20,LONG,3.671987193870649,1.104744744848865,0.215988621629540,0.656108956206589
BAR,WEEKLY,MID,20,SHORT,0.646766285378771,0.967178037762390,0.207816130644315,0.287359141264804
BAR,WEEKLY,MID,20,NEUTRAL,2.542606068196752,1.074082332763413,0.086660490401114,1.162178594884758
BAR,WEEKLY,MID,50,LONG,2.650961569601204,1.077520630908930,0.209695227632548,0.579135351893851
BAR,WEEKLY,SMALL,100,NEUTRAL,-1.000001537041253,-1.000000117711470,1.428213264056416,-0.743315503100672
BAR_DELTA,DAILY,LARGE,20,LONG,3.857671108905224,1.105895743235927,0.225262073966548,0.630925054577543
BAR_DELTA,DAILY,LARGE,20,SHORT,-0.778151473688656,-0.981472544248182,0.231678858406462,-0.360912142505330
BAR_DELTA,DAILY,LARGE,20,NEUTRAL,0.465217615532967,0.944542929057634,0.039288467456814,0.744592204000319
BAR_DELTA,DAILY,LARGE,50,LONG,3.104734684087168,1.088136762071936,0.224717775129110,0.576063272297398
BAR_DELTA,DAILY,LARGE,50,SHORT,-0.825357327018205,-0.985791669998124,0.230679592174986,-0.440782552652360
BAR_DELTA,DAILY,LARGE,50,NEUTRAL,0.195555156802033,0.885441189581465,0.033744620326369,0.411504369170056
BAR_DELTA,DAILY,LARGE,100,LONG,3.324207094437646,1.093692130002559,0.224388824162783,0.593825372838427
BAR_DELTA,DAILY,LARGE,100,SHORT,-0.857105351399287,-0.988569674944563,0.228566285728883,-0.512352238374644
BAR_DELTA,DAILY,LARGE,100,NEUTRAL,0.111086700172452,0.848883667252049,0.020830599322851,0.387442742498642
BAR_DELTA,DAILY,MID,20,LONG,5.913136755446197,1.140041667768635,0.188550697827438,0.850787263606815
BAR_DELTA,DAILY,MID,20,SHORT,-0.837392081044967,-0.986997578650712,0.190025307032758,-0.609602890080719
BAR_DELTA,DAILY,MID,20,NEUTRAL,0.323837916263031,0.920210543552138,0.056535461837788,0.394235356456606
BAR_DELTA,DAILY,MID,50,LONG,6.186552059296751,1.143848405101401,0.198169787413851,0.833424314305745
BAR_DELTA,DAILY,MID,50,SHORT,-0.863428389026904,-0.989228821941298,0.195988356890586,-0.651038482556464
BAR_DELTA,DAILY,MID,50,NEUTRAL,0.276802260087902,0.909621302416740,0.038989732707448,0.481710877637584
BAR_DELTA,DAILY,MID,100,LONG,7.207599894363067,1.156807566318307,0.206101857035693,0.856811970869251
BAR_DELTA,DAILY,MID,100,SHORT,-0.881077311786576,-0.990706116259880,0.207758230595035,-0.651989866002406
BAR_DELTA,DAILY,MID,100,NEUTRAL,0.312628185336961,0.917822877725184,0.031766989044418,0.647437460038983
BAR_DELTA,DAILY,SMALL,20,LONG,64816684.826011675663553,3.763552475387316,77.913753715271965,0.357357504312805
BAR_DELTA,DAILY,SMALL,20,SHORT,21.767560384069458,1.254802732740497,19.419772639888788,-0.379933549139181
BAR_DELTA,DAILY,SMALL,20,NEUTRAL,91.688552528568178,1.395055996373044,37.731835353598727,0.271187993441079
BAR_DELTA,DAILY,SMALL,50,LONG,110758107.172448898515296,3.915105412572802,35.889170418799033,0.437652837147361
BAR_DELTA,DAILY,SMALL,50,SHORT,-1222.732775128251798,-1.688447604101285,20.834082148337422,-0.452431400943534
BAR_DELTA,DAILY,SMALL,50,NEUTRAL,-1335.123020019880301,-1.699423299722983,15.562079521381876,0.201804786894889
BAR_DELTA,DAILY,SMALL,100,LONG,54305786.813376455019625,3.714805066413850,24.591203610357476,0.470493569671887
BAR_DELTA,DAILY,SMALL,100,SHORT,6.178263213195526,1.143600579628265,19.789889578381344,-0.433915983016007
BAR_DELTA,DAILY,SMALL,100,NEUTRAL,3.164185647568597,1.088582647800344,7.787988823900169,0.191503470692575
BAR_DELTA,MONTHLY,LARGE,20,LONG,1.063699281339575,1.004731109695675,0.160181814390117,0.426799382923425
BAR_DELTA,MONTHLY,LARGE,20,SHORT,-0.526525911662969,-0.952154100242193,0.165564963595053,-0.262706551071356
BAR_DELTA,MONTHLY,LARGE,20,NEUTRAL,0.163310222212450,0.870659124232006,0.041819596347495,0.297354603405141
BAR_DELTA,MONTHLY,LARGE,50,LONG,1.442404784307726,1.028393984738329,0.153624041976347,0.523515881021461
BAR_DELTA,MONTHLY,LARGE,50,SHORT,-0.641451552068788,-0.966631474268697,0.157225539457910,-0.419335350578943
BAR_DELTA,MONTHLY,LARGE,50,NEUTRAL,0.092553439451786,0.833677648006370,0.031065759018636,0.233285769133886
BAR_DELTA,MONTHLY,LARGE,100,LONG,1.577372167231522,1.035449032456213,0.151036087992207,0.556761526476485
BAR_DELTA,MONTHLY,LARGE,100,SHORT,-0.727082202492656,-0.975933882213255,0.153656111938240,-0.566744862966484
BAR_DELTA,MONTHLY,LARGE,100,NEUTRAL,-0.022874633814540,-0.749204396471399,0.023416635532900,-0.063901776081728
BAR_DELTA,MONTHLY,MID,20,LONG,0.031059562138868,0.766926568307006,0.173467089140820,0.101683033004658
BAR_DELTA,MONTHLY,MID,20,SHORT,-0.538613604251048,-0.953807398326966,0.229529945327113,-0.133003766453313
BAR_DELTA,MONTHLY,MID,20,NEUTRAL,-0.123334060650515,-0.852174705638288,0.084069232014899,-0.076661146908764
BAR_DELTA,MONTHLY,MID,50,LONG,0.710089284821210,0.974171422738189,0.170348788557590,0.327544108879503
BAR_DELTA,MONTHLY,MID,50,SHORT,-0.468896490763376,-0.943755264390880,0.206318053572452,-0.130387723581332
BAR_DELTA,MONTHLY,MID,50,NEUTRAL,0.182119195292988,0.877943725663878,0.057496680342872,0.251278861974661
BAR_DELTA,MONTHLY,MID,100,LONG,1.872876883135342,1.049128610928973,0.230964577038012,0.453704239387126
BAR_DELTA,MONTHLY,MID,100,SHORT,-0.536658160930169,-0.953542280225971,0.193770045628590,-0.206730542261445
BAR_DELTA,MONTHLY,MID,100,NEUTRAL,0.459626637621065,0.942316021245636,0.088471331070619,0.365832752600431
BAR_DELTA,MONTHLY,SMALL,20,LONG,61363926.625505196862245,3.937807734492132,1332.045359087406250,0.281753818075248
BAR_DELTA,MONTHLY,SMALL,20,SHORT,-1.748588446683773,-1.043636767704100,0.947961974229747,-0.333274405813991
BAR_DELTA,MONTHLY,SMALL,20,NEUTRAL,-880471.824825875934185,-2.846906188102454,666.031932580730020,0.281512729318832
BAR_DELTA,MONTHLY,SMALL,50,LONG,8442346.256705630964464,3.383850729911115,532.808512214204636,0.282266689300110
BAR_DELTA,MONTHLY,SMALL,50,SHORT,-1.018197891497590,-1.001379367651377,0.933713738664334,-0.593810543932316
BAR_DELTA,MONTHLY,SMALL,50,NEUTRAL,-62.410998414687302,-1.371568212146098,266.411917056192256,0.281217986354159
BAR_DELTA,MONTHLY,SMALL,100,LONG,10321640.028527854116166,3.436233787866268,266.393255972709649,0.284607516455008
BAR_DELTA,MONTHLY,SMALL,100,SHORT,-0.999989953864146,-0.999999232138920,0.482003618264543,-0.625003095456916
BAR_DELTA,MONTHLY,SMALL,100,NEUTRAL,17984.786064255739621,2.114538952881174,133.203511615396595,0.283462006044406
BAR_DELTA,WEEKLY,LARGE,20,LONG,1.355629757299107,1.023610459890942,0.165551509094407,0.480709884285577
BAR_DELTA,WEEKLY,LARGE,20,SHORT,-0.592042190977009,-0.960595000062383,0.172270510139680,-0.313163113762608
BAR_DELTA,WEEKLY,LARGE,20,NEUTRAL,0.166885936367902,0.871691027885221,0.044528255357086,0.287833839544100
BAR_DELTA,WEEKLY,LARGE,50,LONG,1.666874785538319,1.039965919576371,0.166517750547977,0.535805274342554
BAR_DELTA,WEEKLY,LARGE,50,SHORT,-0.608803176923149,-0.962653968416638,0.168526650547516,-0.343095326930587
BAR_DELTA,WEEKLY,LARGE,50,NEUTRAL,0.220460468945503,0.890504226304864,0.029056029360437,0.540341943484919
BAR_DELTA,WEEKLY,LARGE,100,LONG,1.805457516652579,1.046355496336829,0.168532605523474,0.554833441694809
BAR_DELTA,WEEKLY,LARGE,100,SHORT,-0.674222311697078,-0.970219180022705,0.169463670427009,-0.422806603335730
BAR_DELTA,WEEKLY,LARGE,100,NEUTRAL,0.149457499182829,0.864348084744487,0.022196358843642,0.492359283617254
BAR_DELTA,WEEKLY,MID,20,LONG,1.555681282297140,1.034473991153909,0.162354975835442,0.525651994687631
BAR_DELTA,WEEKLY,MID,20,SHORT,-0.645866618845462,-0.967027186560402,0.179249681261199,-0.354406187246329
BAR_DELTA,WEEKLY,MID,20,NEUTRAL,0.129813881413791,0.855057127194248,0.055587815101186,0.196221247001269
BAR_DELTA,WEEKLY,MID,50,LONG,0.940758225192970,0.995327185461862,0.171988425332560,0.382739486478887
BAR_DELTA,WEEKLY,MID,50,SHORT,-0.580182942767266,-0.959105405882667,0.178890141204852,-0.282969626146866
BAR_DELTA,WEEKLY,MID,50,NEUTRAL,0.092931147283769,0.833416181714002,0.039743955019919,0.191303120265443
BAR_DELTA,WEEKLY,MID,100,LONG,1.120093838655672,1.008736241398498,0.179092754542976,0.412709276053222
BAR_DELTA,WEEKLY,MID,100,SHORT,-0.616107357219579,-0.963534905216101,0.181943192044482,-0.312838949464824
BAR_DELTA,WEEKLY,MID,100,NEUTRAL,0.110519546300303,0.844569603122994,0.030301262189924,0.280422708232744
BAR_DELTA,WEEKLY,SMALL,20,LONG,98.737722445028103,1.422227938388642,1.428196907755659,0.462732355592007
BAR_DELTA,WEEKLY,SMALL,20,SHORT,-0.696631319158325,-0.972655242237652,0.273251221553527,-0.164742973651157
BAR_DELTA,WEEKLY,SMALL,20,NEUTRAL,10.763979786479851,1.199909141409280,0.719353556407717,0.428062595295909
BAR_DELTA,WEEKLY,SMALL,50,LONG,105.977670906908184,1.429967529305763,1.251914029402403,0.505352169805119
BAR_DELTA,WEEKLY,SMALL,50,SHORT,-0.558516324344378,-0.956309833166103,0.193448112015521,-0.224356224064320
BAR_DELTA,WEEKLY,SMALL,50,NEUTRAL,11.768175142196593,1.208145620112876,0.628248584084859,0.468967378623021
BAR_DELTA,WEEKLY,SMALL,100,LONG,244.883327062106269,1.524839068795804,0.762939367433995,0.765096470111743
BAR_DELTA,WEEKLY,SMALL,100,SHORT,-1.124108271237463,-1.009013065258091,0.615709529668683,-0.495731672861148
BAR_DELTA,WEEKLY,SMALL,100,NEUTRAL,-1.383817431928513,-1.025227395756511,0.472335029735517,0.294807164683269
LOAN_RATE_AVG,DAILY,LARGE,20,LONG,5.871637375323013,1.140901175216860,0.223476919391004,0.749230268187431
LOAN_RATE_AVG,DAILY,LARGE,20,SHORT,-0.846544460563038,-0.987670806421301,0.268335750455513,-0.379063094652498
LOAN_RATE_AVG,DAILY,LARGE,20,NEUTRAL,0.508037353958253,0.950820664646564,0.067253516014061,0.488595215317199
LOAN_RATE_AVG,DAILY,LARGE,50,LONG,7.363088085958699,1.160294670884797,0.222731014492061,0.816674301920014
LOAN_RATE_AVG,DAILY,LARGE,50,SHORT,-0.822131164716055,-0.985520874185461,0.242433165802972,-0.401722912014952
LOAN_RATE_AVG,DAILY,LARGE,50,NEUTRAL,0.739256485419876,0.977753604277763,0.045482899854642,0.929005612119504
LOAN_RATE_AVG,DAILY,LARGE,100,LONG,5.635245716054469,1.137415238955938,0.223511436583428,0.737471397220968
LOAN_RATE_AVG,DAILY,LARGE,100,SHORT,-0.843274796776618,-0.987386220633678,0.229428390318130,-0.478822948771779
LOAN_RATE_AVG,DAILY,LARGE,100,NEUTRAL,0.437889148092596,0.940357683426685,0.029738895556692,0.924340195202571
LOAN_RATE_AVG,DAILY,MID,20,LONG,6.487893085910825,1.147774893748882,0.181770630643611,0.907586918217929
LOAN_RATE_AVG,DAILY,MID,20,SHORT,9.828403734021378,1.183454907315101,0.240393412417221,0.850356754924164
LOAN_RATE_AVG,DAILY,MID,20,NEUTRAL,10.669035414183875,1.190635282555335,0.084194835536728,2.193678544662521
LOAN_RATE_AVG,DAILY,MID,50,LONG,7.736352658207515,1.162760424910174,0.189000649454208,0.940296814101822
LOAN_RATE_AVG,DAILY,MID,50,SHORT,1.070245567058754,1.005016285552443,0.198406835287513,0.369170210584763
LOAN_RATE_AVG,DAILY,MID,50,NEUTRAL,4.386887865560477,1.115143190011555,0.051651841412294,2.429367422801935
LOAN_RATE_AVG,DAILY,MID,100,LONG,6.697350620017763,1.150466063936045,0.198135504650769,0.858980819160395
LOAN_RATE_AVG,DAILY,MID,100,SHORT,0.245797586462478,0.901741503029717,0.182081523517252,0.179471544644665
LOAN_RATE_AVG,DAILY,MID,100,NEUTRAL,2.913184197678853,1.081998336900983,0.041391566979452,2.450656802474814
LOAN_RATE_AVG,DAILY,SMALL,20,LONG,450602.348680928754764,2.608265676572703,19.417262704140336,0.383478156716434
LOAN_RATE_AVG,DAILY,SMALL,20,SHORT,74.555380097760428,1.373698733058393,19.507308338343969,-0.416015509868996
LOAN_RATE_AVG,DAILY,SMALL,20,NEUTRAL,-1.059359472699130,-1.004255505538558,0.999525223970806,-0.334782303755516
LOAN_RATE_AVG,DAILY,SMALL,50,LONG,8145114.597708444712669,3.227946932992507,19.428024760702398,0.399125650070872
LOAN_RATE_AVG,DAILY,SMALL,50,SHORT,-0.924089685541274,-0.994203181859592,19.479568165423575,-0.410905801717357
LOAN_RATE_AVG,DAILY,SMALL,50,NEUTRAL,-0.887253798766993,-0.991229424315267,0.910255973913467,-0.137348487172194
LOAN_RATE_AVG,DAILY,SMALL,100,LONG,3350005.390381649835351,3.023512898533934,19.416310187348061,0.391008125544740
LOAN_RATE_AVG,DAILY,SMALL,100,SHORT,-0.999999999792446,-0.999999999984715,19.445977329620742,-0.427919251887165
LOAN_RATE_AVG,DAILY,SMALL,100,NEUTRAL,-1.000011280237701,-1.000000830685286,0.624261989552994,-0.584188235037462
LOAN_RATE_AVG,MONTHLY,LARGE,20,LONG,2.943133720687738,1.085440001180663,0.148810876713299,0.777235396422151
LOAN_RATE_AVG,MONTHLY,LARGE,20,SHORT,-0.681303657625247,-0.971275274602107,0.195316637324825,-0.346105330451832
LOAN_RATE_AVG,MONTHLY,LARGE,20,NEUTRAL,0.339889054489040,0.921309088457292,0.059837559493207,0.401595184171877
LOAN_RATE_AVG,MONTHLY,LARGE,50,LONG,3.178494317643929,1.091800780554276,0.146566831626296,0.817636373313303
LOAN_RATE_AVG,MONTHLY,LARGE,50,SHORT,-0.658726382196856,-0.968792490717876,0.176708303837679,-0.372970262016356
LOAN_RATE_AVG,MONTHLY,LARGE,50,NEUTRAL,0.406536655909144,0.933923643795017,0.045279850944721,0.595534538552066
LOAN_RATE_AVG,MONTHLY,LARGE,100,LONG,2.745533684302603,1.079725668499021,0.145402824237940,0.765672661890151
LOAN_RATE_AVG,MONTHLY,LARGE,100,SHORT,-0.658955642630348,-0.968818094796349,0.157189628807857,-0.439992020228130
LOAN_RATE_AVG,MONTHLY,LARGE,100,NEUTRAL,0.312800750277247,0.915515934985901,0.028129119793542,0.749557495080433
LOAN_RATE_AVG,MONTHLY,MID,20,LONG,1.524605531725684,1.032549059695662,0.176556556867237,0.490666008066894
LOAN_RATE_AVG,MONTHLY,MID,20,SHORT,5.172839838197382,1.132940933445090,0.238804517949782,0.704535931112902
LOAN_RATE_AVG,MONTHLY,MID,20,NEUTRAL,4.068365049368543,1.112461671461986,0.083001849896370,1.535367372426163
LOAN_RATE_AVG,MONTHLY,MID,50,LONG,2.227031871529052,1.062697361887162,0.173254263224450,0.604752841418691
LOAN_RATE_AVG,MONTHLY,MID,50,SHORT,1.414769043306698,1.026702151321784,0.194058410375108,0.442887255103799
LOAN_RATE_AVG,MONTHLY,MID,50,NEUTRAL,2.430108239584672,1.069764105458035,0.052350419430712,1.821590034499673
LOAN_RATE_AVG,MONTHLY,MID,100,LONG,2.297858492282733,1.065227266390445,0.176269783762288,0.606666560053299
LOAN_RATE_AVG,MONTHLY,MID,100,SHORT,0.813676843909293,0.984461831482776,0.165178676987280,0.356003761198502
LOAN_RATE_AVG,MONTHLY,MID,100,NEUTRAL,1.932969065809094,1.051328893674176,0.041620561093283,1.991097780520036
LOAN_RATE_AVG,MONTHLY,SMALL,20,LONG,6.411130057538894,1.151558939746239,0.436393877943800,0.481235799545980
LOAN_RATE_AVG,MONTHLY,SMALL,20,SHORT,-0.669915657979240,-0.970032620082808,2.135696700497906,-0.190569936382959
LOAN_RATE_AVG,MONTHLY,SMALL,20,NEUTRAL,-13.846315212261634,-1.220909888429929,1.086618190619497,-0.090644179012693
LOAN_RATE_AVG,MONTHLY,SMALL,50,LONG,15.403264181811126,1.230831033503690,0.289371923428583,0.856825441735152
LOAN_RATE_AVG,MONTHLY,SMALL,50,SHORT,-366.851517124826808,-1.565926654960991,58.691075288915114,-0.293737947144070
LOAN_RATE_AVG,MONTHLY,SMALL,50,NEUTRAL,41.041554564528895,1.325938334495654,29.343255444829599,-0.289535951061636
LOAN_RATE_AVG,MONTHLY,SMALL,100,LONG,12585.352410811437928,2.048246308605966,265.554465625022775,0.277287633954039
LOAN_RATE_AVG,MONTHLY,SMALL,100,SHORT,-1.078853045259968,-1.005781088011394,29.345685883441807,-0.301097088256981
LOAN_RATE_AVG,MONTHLY,SMALL,100,NEUTRAL,527.206560054346447,1.609654690347382,133.693317644542530,0.242342212865747
LOAN_RATE_AVG,WEEKLY,LARGE,20,LONG,2.132182692524754,1.059698767761947,0.164457456875120,0.615213803437002
LOAN_RATE_AVG,WEEKLY,LARGE,20,SHORT,-0.575762646743300,-0.958602762932990,0.220986255299035,-0.185683788701054
LOAN_RATE_AVG,WEEKLY,LARGE,20,NEUTRAL,0.435213301679018,0.938276094502651,0.069140300504698,0.434933981873926
LOAN_RATE_AVG,WEEKLY,LARGE,50,LONG,3.162787937382753,1.092186921618774,0.159685181487849,0.765315347815331
LOAN_RATE_AVG,WEEKLY,LARGE,50,SHORT,-0.575590396733553,-0.958580797083138,0.195386516433179,-0.237957147484142
LOAN_RATE_AVG,WEEKLY,LARGE,50,NEUTRAL,0.614543280604620,0.963400061319743,0.048022656396965,0.788335212843496
LOAN_RATE_AVG,WEEKLY,LARGE,100,LONG,2.788214784431878,1.081694227611246,0.162868392918325,0.709093026032793
LOAN_RATE_AVG,WEEKLY,LARGE,100,SHORT,-0.622315071548658,-0.964327715488439,0.176423392284095,-0.334321107056831
LOAN_RATE_AVG,WEEKLY,LARGE,100,NEUTRAL,0.436978292697061,0.938566960342254,0.030983742842791,0.911877852316374
LOAN_RATE_AVG,WEEKLY,MID,20,LONG,1.790198890997763,1.045605820837188,0.180439202710854,0.527311288165482
LOAN_RATE_AVG,WEEKLY,MID,20,SHORT,7.069465340628992,1.161578996409852,0.244926647000119,0.777399213946259
LOAN_RATE_AVG,WEEKLY,MID,20,NEUTRAL,5.126782422180283,1.133345176069915,0.086715491080694,1.646495958857397
LOAN_RATE_AVG,WEEKLY,MID,50,LONG,2.355184598877124,1.067802332771636,0.184764474962197,0.595626845161386
LOAN_RATE_AVG,WEEKLY,MID,50,SHORT,2.401921115410219,1.069410416858169,0.195606172383139,0.577846660397367
LOAN_RATE_AVG,WEEKLY,MID,50,NEUTRAL,3.212480786166068,1.093491661716171,0.050876530668209,2.192376837162528
LOAN_RATE_AVG,WEEKLY,MID,100,LONG,2.255331237946713,1.064265493911997,0.190444834371705,0.571359341959589
LOAN_RATE_AVG,WEEKLY,MID,100,SHORT,0.974762146476054,0.998044310903969,0.179752962339498,0.379605761838013
LOAN_RATE_AVG,WEEKLY,MID,100,NEUTRAL,2.139110955075928,1.059962076476388,0.041063507055033,2.155779037826307
LOAN_RATE_AVG,WEEKLY,SMALL,20,LONG,3.588784384700521,1.102807347752343,0.245295929936920,0.583759985158213
LOAN_RATE_AVG,WEEKLY,SMALL,20,SHORT,1923.440011546630373,1.784453710241922,13.822077119580894,-0.478540623864705
LOAN_RATE_AVG,WEEKLY,SMALL,20,NEUTRAL,570.268209593056470,1.625808504152221,6.915124613501494,-0.467904182583792
LOAN_RATE_AVG,WEEKLY,SMALL,50,LONG,12.255998647074573,1.211572027922087,0.195755245735443,1.107402844034739
LOAN_RATE_AVG,WEEKLY,SMALL,50,SHORT,-77369.427314195239296,-2.368003492344753,59.314961723589856,-0.334205258848343
LOAN_RATE_AVG,WEEKLY,SMALL,50,NEUTRAL,-1.002657544582479,-1.000203273995869,29.659642503148711,-0.330526442091611
LOAN_RATE_AVG,WEEKLY,SMALL,100,LONG,24.694260761407795,1.278349114767962,0.246984421332550,1.119519209096182
LOAN_RATE_AVG,WEEKLY,SMALL,100,SHORT,-0.999065068982325,-0.999928369055176,29.693869324175860,-0.357410237006732
LOAN_RATE_AVG,WEEKLY,SMALL,100,NEUTRAL,-2.794196510324275,-1.081871772657657,14.850602830456095,-0.348012440531139
LOAN_RATE_AVG_DELTA,DAILY,LARGE,20,LONG,0.956431663024233,0.996687268016797,0.234812081402452,0.325592140156623
LOAN_RATE_AVG_DELTA,DAILY,LARGE,20,SHORT,-0.785014234218584,-0.982130994887827,0.240423073569676,-0.348398379102776
LOAN_RATE_AVG_DELTA,DAILY,LARGE,20,NEUTRAL,-0.061140149749326,-0.812069767476953,0.045618320292253,-0.080121768680837
LOAN_RATE_AVG_DELTA,DAILY,LARGE,50,LONG,2.065020133550763,1.055501223600638,0.225918470290171,0.477452010727122
LOAN_RATE_AVG_DELTA,DAILY,LARGE,50,SHORT,-0.778057668950659,-0.981480007223812,0.227020768257319,-0.372385194366588
LOAN_RATE_AVG_DELTA,DAILY,LARGE,50,NEUTRAL,0.164133722987267,0.874057510865161,0.026138942197358,0.446193553120223
LOAN_RATE_AVG_DELTA,DAILY,LARGE,100,LONG,3.156662277975168,1.089400452662255,0.224765902559408,0.579786882688134
LOAN_RATE_AVG_DELTA,DAILY,LARGE,100,SHORT,-0.810283904503057,-0.984451617822333,0.224789306352038,-0.430316061673499
LOAN_RATE_AVG_DELTA,DAILY,LARGE,100,NEUTRAL,0.250130403620487,0.901922793651272,0.018032284083142,0.931270625754416
LOAN_RATE_AVG_DELTA,DAILY,MID,20,LONG,-0.443864299080789,-0.941873768132487,0.180779396266800,-0.148245102715610
LOAN_RATE_AVG_DELTA,DAILY,MID,20,SHORT,0.203865643936752,0.889364485834480,0.194518736411261,0.167332762804916
LOAN_RATE_AVG_DELTA,DAILY,MID,20,NEUTRAL,0.007858412225137,0.699565950717687,0.067782417482509,0.042412897224114
LOAN_RATE_AVG_DELTA,DAILY,MID,50,LONG,-0.207387923214247,-0.890488410658665,0.168143188129274,-0.017431477892450
LOAN_RATE_AVG_DELTA,DAILY,MID,50,SHORT,-0.286578132601014,-0.911977201055640,0.171361014143122,-0.059857741627687
LOAN_RATE_AVG_DELTA,DAILY,MID,50,NEUTRAL,-0.094942269841847,-0.840641510434301,0.039004269835593,-0.169061844150238
LOAN_RATE_AVG_DELTA,DAILY,MID,100,LONG,0.300237310018185,0.915113298730371,0.167171415010786,0.199654506934973
LOAN_RATE_AVG_DELTA,DAILY,MID,100,SHORT,-0.582952205860814,-0.960994150411720,0.168809453635929,-0.297714991626293
LOAN_RATE_AVG_DELTA,DAILY,MID,100,NEUTRAL,-0.112632633933622,-0.851298249488627,0.027201265930346,-0.310290312981857
LOAN_RATE_AVG_DELTA,DAILY,SMALL,20,LONG,112468212.525912910321514,3.917963310434805,77.925594462118445,0.364034561967653
LOAN_RATE_AVG_DELTA,DAILY,SMALL,20,SHORT,870311.665299696665073,2.738623404415246,58.268856549865218,-0.378208496117048
LOAN_RATE_AVG_DELTA,DAILY,SMALL,20,NEUTRAL,80948.602648393404628,2.299067989067442,46.682983309765636,0.067795935382921
LOAN_RATE_AVG_DELTA,DAILY,SMALL,50,LONG,56889795.661621811714221,3.726117546960009,35.888676473887123,0.438362071149356
LOAN_RATE_AVG_DELTA,DAILY,SMALL,50,SHORT,-24590.255842434805476,-2.105888325642121,29.320677444463641,-0.445398661726728
LOAN_RATE_AVG_DELTA,DAILY,SMALL,50,NEUTRAL,-19026.459180098979084,-2.066469223731830,18.673788852466704,0.071566731217059
LOAN_RATE_AVG_DELTA,DAILY,SMALL,100,LONG,3456564586.279614700249248,5.042455236845956,25.183855697180806,0.525688696323480
LOAN_RATE_AVG_DELTA,DAILY,SMALL,100,SHORT,333573.380473899183468,2.551837610293524,22.621898189853581,-0.493759014197232
LOAN_RATE_AVG_DELTA,DAILY,SMALL,100,NEUTRAL,541853.261780092305188,2.644679475616426,9.911072159117372,0.104383364742934
LOAN_RATE_AVG_DELTA,MONTHLY,LARGE,20,LONG,0.417805445421829,0.935470005886805,0.170880239680602,0.243719077571780
LOAN_RATE_AVG_DELTA,MONTHLY,LARGE,20,SHORT,-0.477681656815230,-0.945095203518881,0.190682153213113,-0.166732023394539
LOAN_RATE_AVG_DELTA,MONTHLY,LARGE,20,NEUTRAL,0.048720092177742,0.793775032613448,0.050790369091440,0.097006118837324
LOAN_RATE_AVG_DELTA,MONTHLY,LARGE,50,LONG,1.238867042815054,1.016506518894990,0.155019666156035,0.477548275426115
LOAN_RATE_AVG_DELTA,MONTHLY,LARGE,50,SHORT,-0.692149191566906,-0.972267940415708,0.164690430159240,-0.463479300615609
LOAN_RATE_AVG_DELTA,MONTHLY,LARGE,50,NEUTRAL,-0.022370542061484,-0.747929434018867,0.033946654755481,-0.033894814892902
LOAN_RATE_AVG_DELTA,MONTHLY,LARGE,100,LONG,1.509413600861861,1.031969527204867,0.149819066066436,0.546773135345349
LOAN_RATE_AVG_DELTA,MONTHLY,LARGE,100,SHORT,-0.733153798423463,-0.976554397274435,0.152199955854455,-0.584980283416238
LOAN_RATE_AVG_DELTA,MONTHLY,LARGE,100,NEUTRAL,-0.049218728778993,-0.794393064772974,0.024464254071742,-0.145455749501911
LOAN_RATE_AVG_DELTA,MONTHLY,MID,20,LONG,-0.524265110522159,-0.951840992292308,0.210267187240308,-0.162327235616248
LOAN_RATE_AVG_DELTA,MONTHLY,MID,20,SHORT,5.266467770388648,1.135397626372649,0.208788932798017,0.779110265649902
LOAN_RATE_AVG_DELTA,MONTHLY,MID,20,NEUTRAL,1.210435357158570,1.014704264132902,0.083996624918970,0.765134966884061
LOAN_RATE_AVG_DELTA,MONTHLY,MID,50,LONG,-0.300268367174823,-0.912146144286009,0.172997237016806,-0.068840515100083
LOAN_RATE_AVG_DELTA,MONTHLY,MID,50,SHORT,1.488390097602187,1.030863782920563,0.192343119358708,0.457008606060855
LOAN_RATE_AVG_DELTA,MONTHLY,MID,50,NEUTRAL,0.612885257848777,0.963271534627237,0.053129523583067,0.715169615981756
LOAN_RATE_AVG_DELTA,MONTHLY,MID,100,LONG,-0.244674802887826,-0.897982695954991,0.157347224290060,-0.056110303352797
LOAN_RATE_AVG_DELTA,MONTHLY,MID,100,SHORT,0.245765694294014,0.898288082083954,0.175262719606909,0.181305930797713
LOAN_RATE_AVG_DELTA,MONTHLY,MID,100,NEUTRAL,0.150108548699977,0.865067699360035,0.039736507462370,0.288744173699262
LOAN_RATE_AVG_DELTA,MONTHLY,SMALL,20,LONG,-0.764260857151477,-0.979660939370897,0.548630725555288,-0.006213122142518
LOAN_RATE_AVG_DELTA,MONTHLY,SMALL,20,SHORT,-1779.297559738693896,-1.771848736795671,0.583193117925662,0.893770360849940
LOAN_RATE_AVG_DELTA,MONTHLY,SMALL,20,NEUTRAL,4.350480864824087,1.118936384069486,0.367723592957313,0.704104963160088
LOAN_RATE_AVG_DELTA,MONTHLY,SMALL,50,LONG,430.737606728867734,1.589794920392188,3.978147165865367,0.451528765062026
LOAN_RATE_AVG_DELTA,MONTHLY,SMALL,50,SHORT,-131.420091635274896,-1.451897412052518,1.924435358041825,-0.204081568368213
LOAN_RATE_AVG_DELTA,MONTHLY,SMALL,50,NEUTRAL,-18.702439291770697,-1.250878572535119,2.216654507480288,0.316582057828480
LOAN_RATE_AVG_DELTA,MONTHLY,SMALL,100,LONG,684.757881122679401,1.647134052090060,2.057782704941518,0.551126475857017
LOAN_RATE_AVG_DELTA,MONTHLY,SMALL,100,SHORT,-1.002822322569274,-1.000215438283355,1.044856134258217,-0.237868675299074
LOAN_RATE_AVG_DELTA,MONTHLY,SMALL,100,NEUTRAL,-24.898173234997235,-1.278537404962606,1.157649541534040,0.382481897131985
LOAN_RATE_AVG_DELTA,WEEKLY,LARGE,20,LONG,0.317608764306524,0.915792459351740,0.190853420524517,0.207338252447053
LOAN_RATE_AVG_DELTA,WEEKLY,LARGE,20,SHORT,-0.511001621615824,-0.949810807419373,0.197135334483193,-0.178849840200415
LOAN_RATE_AVG_DELTA,WEEKLY,LARGE,20,NEUTRAL,0.012172752295138,0.713110222174623,0.049809899300296,0.043300545428886
LOAN_RATE_AVG_DELTA,WEEKLY,LARGE,50,LONG,1.080466196340485,1.005953367771146,0.171839895967746,0.413977741389983
LOAN_RATE_AVG_DELTA,WEEKLY,LARGE,50,SHORT,-0.555704979674954,-0.955939781994667,0.176009867230160,-0.265440239618390
LOAN_RATE_AVG_DELTA,WEEKLY,LARGE,50,NEUTRAL,0.166289549390167,0.871451717152789,0.028711768363596,0.425222688679830
LOAN_RATE_AVG_DELTA,WEEKLY,LARGE,100,LONG,1.893397820201461,1.050179142295160,0.167760551871351,0.570945540177455
LOAN_RATE_AVG_DELTA,WEEKLY,LARGE,100,SHORT,-0.592894980919544,-0.960701051060573,0.169753700348885,-0.321054571328702
LOAN_RATE_AVG_DELTA,WEEKLY,LARGE,100,NEUTRAL,0.305083794762493,0.912970879186218,0.020794021338939,0.992639584686273
LOAN_RATE_AVG_DELTA,WEEKLY,MID,20,LONG,-0.527218921278564,-0.952089498431910,0.192987189862783,-0.199622039675190
LOAN_RATE_AVG_DELTA,WEEKLY,MID,20,SHORT,1.659185619417094,1.039597200474486,0.196744221882927,0.480748641383120
LOAN_RATE_AVG_DELTA,WEEKLY,MID,20,NEUTRAL,0.384828336835802,0.929376255767069,0.078119543149426,0.358809195743592
LOAN_RATE_AVG_DELTA,WEEKLY,MID,50,LONG,-0.348517792499694,-0.922338653500502,0.170365630224240,-0.106589850748450
LOAN_RATE_AVG_DELTA,WEEKLY,MID,50,SHORT,0.371012122589347,0.926773737811648,0.173568551487977,0.226846717339542
LOAN_RATE_AVG_DELTA,WEEKLY,MID,50,NEUTRAL,0.131698719364246,0.856002989224335,0.047285865414227,0.224318713999643
LOAN_RATE_AVG_DELTA,WEEKLY,MID,100,LONG,-0.279318730384512,-0.906813545264265,0.164074899181407,-0.069873659104033
LOAN_RATE_AVG_DELTA,WEEKLY,MID,100,SHORT,-0.116806179882750,-0.848160815659869,0.165306211017366,0.025244879059028
LOAN_RATE_AVG_DELTA,WEEKLY,MID,100,NEUTRAL,-0.053452098005323,-0.798803161034951,0.033718470746932,-0.108121425832389
LOAN_RATE_AVG_DELTA,WEEKLY,SMALL,20,LONG,228.245808663359181,1.516632825916388,21.340607224509593,0.292779708154072
LOAN_RATE_AVG_DELTA,WEEKLY,SMALL,20,SHORT,64.010074707652080,1.375727189387894,0.323838714573185,1.157625049027621
LOAN_RATE_AVG_DELTA,WEEKLY,SMALL,20,NEUTRAL,1220.125031024731272,1.724707201910098,10.675172949737842,0.310204836682298
LOAN_RATE_AVG_DELTA,WEEKLY,SMALL,50,LONG,182.118291535285467,1.490597713142698,8.541583698572633,0.305041484246824
LOAN_RATE_AVG_DELTA,WEEKLY,SMALL,50,SHORT,5.118890630166194,1.133420512501770,0.274465566487006,0.658040759811028
LOAN_RATE_AVG_DELTA,WEEKLY,SMALL,50,NEUTRAL,155.138413556314343,1.472379536397236,4.280397699101652,0.325454209515261
LOAN_RATE_AVG_DELTA,WEEKLY,SMALL,100,LONG,1007.184890905196072,1.699522659938398,4.372728755032027,0.397358337268839
LOAN_RATE_AVG_DELTA,WEEKLY,SMALL,100,SHORT,-1.342839585926260,-1.022866511823425,0.424715814596734,-0.103069164586683
LOAN_RATE_AVG_DELTA,WEEKLY,SMALL,100,NEUTRAL,59.532674666868851,1.368097133482645,2.198667815430063,0.385179860127853
LOAN_RATE_RANGE,DAILY,LARGE,20,LONG,3.189321013342431,1.090208196812003,0.228431121509795,0.576541393806618
LOAN_RATE_RANGE,DAILY,LARGE,20,SHORT,-0.794349748094923,-0.983001243902865,0.256865030588614,-0.322954896577576
LOAN_RATE_RANGE,DAILY,LARGE,20,NEUTRAL,0.356249097055665,0.926019136812258,0.057912225013353,0.420845320523307
LOAN_RATE_RANGE,DAILY,LARGE,50,LONG,3.403604944962716,1.095500271660314,0.224232164135192,0.599714354477681
LOAN_RATE_RANGE,DAILY,LARGE,50,SHORT,-0.837756233792299,-0.986903569966397,0.240162274400768,-0.436262546735135
LOAN_RATE_RANGE,DAILY,LARGE,50,NEUTRAL,0.210224613210092,0.890351596670071,0.035806328238415,0.414751296333967
LOAN_RATE_RANGE,DAILY,LARGE,100,LONG,3.713615153927345,1.102634771226957,0.223617250777959,0.623348984241894
LOAN_RATE_RANGE,DAILY,LARGE,100,SHORT,-0.852758410670453,-0.988208865018792,0.234062824760631,-0.484646652089412
LOAN_RATE_RANGE,DAILY,LARGE,100,NEUTRAL,0.185207927080332,0.881990709732252,0.025414998995209,0.510600487087708
LOAN_RATE_RANGE,DAILY,MID,20,LONG,2.575485749389502,1.072216995303034,0.159041928349002,0.669856061649995
LOAN_RATE_RANGE,DAILY,MID,20,SHORT,12.451029653780365,1.204267424146609,0.270845189820366,0.842464642021025
LOAN_RATE_RANGE,DAILY,MID,20,NEUTRAL,7.940456291514970,1.164994285834504,0.108223195632015,1.546399982423003
LOAN_RATE_RANGE,DAILY,MID,50,LONG,4.129377146548450,1.110182149314729,0.153637331857550,0.861372765571067
LOAN_RATE_RANGE,DAILY,MID,50,SHORT,1.235491320577399,1.015708565707397,0.229277156504677,0.372901480609442
LOAN_RATE_RANGE,DAILY,MID,50,NEUTRAL,3.236252061035857,1.090418118786225,0.070555815050821,1.543719709075054
LOAN_RATE_RANGE,DAILY,MID,100,LONG,5.020331713738177,1.126284264229041,0.169271128111050,0.866694502285548
LOAN_RATE_RANGE,DAILY,MID,100,SHORT,-0.043617589387230,-0.793844108761265,0.211665526125155,0.090014744970250
LOAN_RATE_RANGE,DAILY,MID,100,NEUTRAL,2.024922705837674,1.053377574300582,0.050651195850715,1.636282931712133
LOAN_RATE_RANGE,DAILY,SMALL,20,LONG,174546465827282853276968591600000000000000.000000000000000,1089.184805722519000,138.979607867783008,0.417486576294642
LOAN_RATE_RANGE,DAILY,SMALL,20,SHORT,-3133611.981762324299399,-3.008681470386608,19.504845389303843,-0.374444080342697
LOAN_RATE_RANGE,DAILY,SMALL,20,NEUTRAL,3967564270371897453900229.083000000000000,64.783362162971940,68.824138792227213,0.368465538832113
LOAN_RATE_RANGE,DAILY,SMALL,50,LONG,1906836059294501591586766183000.000000000000000,169.776260091881370,58.375574079915710,0.487229940191691
LOAN_RATE_RANGE,DAILY,SMALL,50,SHORT,338353.776372250285588,2.553813724323380,273.804138183709858,-0.297294956616858
LOAN_RATE_RANGE,DAILY,SMALL,50,NEUTRAL,571046629858112633.985196529800000,20.305871586783223,139.319944599561113,-0.190059872861147
LOAN_RATE_RANGE,DAILY,SMALL,100,LONG,3026575632729379178371991912.000000000000000,105.615765461983000,34.118824866185723,0.601067328353931
LOAN_RATE_RANGE,DAILY,SMALL,100,SHORT,-3.452706615807408,-1.095546195668060,137.931792118553061,-0.326936156811819
LOAN_RATE_RANGE,DAILY,SMALL,100,NEUTRAL,3165418983233.232914117832149,8.328102723342060,69.718105118694019,-0.176332812449889
LOAN_RATE_RANGE,MONTHLY,LARGE,20,LONG,1.914591300137925,1.050566383251399,0.154250126236994,0.607043994744746
LOAN_RATE_RANGE,MONTHLY,LARGE,20,SHORT,-0.624091611934250,-0.964826540222393,0.185288547192625,-0.307992352654935
LOAN_RATE_RANGE,MONTHLY,LARGE,20,NEUTRAL,0.255491786239687,0.901551735772445,0.044603179596946,0.409938905492507
LOAN_RATE_RANGE,MONTHLY,LARGE,50,LONG,2.401936343849940,1.068817127342703,0.146907578836383,0.709515693513800
LOAN_RATE_RANGE,MONTHLY,LARGE,50,SHORT,-0.683156934340305,-0.971475685267078,0.174871763273746,-0.409760283733831
LOAN_RATE_RANGE,MONTHLY,LARGE,50,NEUTRAL,0.228698722481097,0.893997874965077,0.035676781180980,0.456567664823583
LOAN_RATE_RANGE,MONTHLY,LARGE,100,LONG,2.243810229657074,1.063303329922374,0.146424738120699,0.686547281890886
LOAN_RATE_RANGE,MONTHLY,LARGE,100,SHORT,-0.741048472630439,-0.977495873952356,0.166059177701624,-0.531932669720294
LOAN_RATE_RANGE,MONTHLY,LARGE,100,NEUTRAL,0.077175325708647,0.823198734286670,0.029919398602318,0.203800958603241
LOAN_RATE_RANGE,MONTHLY,MID,20,LONG,1.999123668188541,1.054019345111739,0.141754976529556,0.661416887349305
LOAN_RATE_RANGE,MONTHLY,MID,20,SHORT,-7.369936295730458,-1.163813314959140,0.459044955477415,0.384146123304188
LOAN_RATE_RANGE,MONTHLY,MID,20,NEUTRAL,2.640981311244829,1.076546540600392,0.211058134207563,0.639869854875671
LOAN_RATE_RANGE,MONTHLY,MID,50,LONG,2.124612814464019,1.058904254937014,0.141700979869564,0.683869210952273
LOAN_RATE_RANGE,MONTHLY,MID,50,SHORT,0.389280682038242,0.930852185991699,0.283284093016737,0.270359513984788
LOAN_RATE_RANGE,MONTHLY,MID,50,NEUTRAL,1.846801487381992,1.047693975840944,0.110462077703417,0.785307911136740
LOAN_RATE_RANGE,MONTHLY,MID,100,LONG,1.889850754333908,1.049529123337608,0.149296661442116,0.616683066346486
LOAN_RATE_RANGE,MONTHLY,MID,100,SHORT,0.217200895434444,0.890502327861507,0.226833952627981,0.188547373146096
LOAN_RATE_RANGE,MONTHLY,MID,100,NEUTRAL,1.324440055442726,1.021570342859427,0.076900820804243,0.876698502510184
LOAN_RATE_RANGE,MONTHLY,SMALL,20,LONG,2986295.546882812594749,3.103003296503377,1327.830052680210867,0.277204892683559
LOAN_RATE_RANGE,MONTHLY,SMALL,20,SHORT,1803.612112540068931,1.767266360655357,13.922398436814005,-0.331654585095097
LOAN_RATE_RANGE,MONTHLY,SMALL,20,NEUTRAL,3401385.966206959575354,3.133827828763510,663.990261023514364,0.273696454084934
LOAN_RATE_RANGE,MONTHLY,SMALL,50,LONG,282210.763934141049338,2.593985912909484,531.122330419120283,0.277482109994939
LOAN_RATE_RANGE,MONTHLY,SMALL,50,SHORT,129437.257328057148429,2.444880679133460,31.870279422884138,-0.338529076028681
LOAN_RATE_RANGE,MONTHLY,SMALL,50,NEUTRAL,1275951.087335104969153,2.908936425218634,266.150073159456327,0.256599457296578
LOAN_RATE_RANGE,MONTHLY,SMALL,100,LONG,127295.063757759057210,2.441783795653816,265.553619640735067,0.278203330917498
LOAN_RATE_RANGE,MONTHLY,SMALL,100,SHORT,-67.176357438310268,-1.376499103851712,16.069967074873557,-0.390197845139749
LOAN_RATE_RANGE,MONTHLY,SMALL,100,NEUTRAL,-58442.079997851944939,-2.301599726615604,133.091121782208266,0.253989274760949
LOAN_RATE_RANGE,WEEKLY,LARGE,20,LONG,1.176894822474659,1.012551955001708,0.168336776042464,0.439811066730726
LOAN_RATE_RANGE,WEEKLY,LARGE,20,SHORT,-0.546755771452435,-0.954815311771550,0.208000448024682,-0.186893626789604
LOAN_RATE_RANGE,WEEKLY,LARGE,20,NEUTRAL,0.233724894780667,0.894650481467844,0.054610496507800,0.321938282789927
LOAN_RATE_RANGE,WEEKLY,LARGE,50,LONG,1.518893157269388,1.032528237987949,0.166779811490208,0.509021548867759
LOAN_RATE_RANGE,WEEKLY,LARGE,50,SHORT,-0.557227562256737,-0.956203568979345,0.188799912990855,-0.235754791110008
LOAN_RATE_RANGE,WEEKLY,LARGE,50,NEUTRAL,0.290286811948728,0.909623329646583,0.036583823728184,0.551938395175995
LOAN_RATE_RANGE,WEEKLY,LARGE,100,LONG,1.696251997829741,1.041298180431607,0.165296154147213,0.543546581607929
LOAN_RATE_RANGE,WEEKLY,LARGE,100,SHORT,-0.664692381723700,-0.969205173767964,0.180772122051824,-0.372194445180234
LOAN_RATE_RANGE,WEEKLY,LARGE,100,NEUTRAL,0.153273376511993,0.866204482134678,0.026811429478471,0.420786588172038
LOAN_RATE_RANGE,WEEKLY,MID,20,LONG,1.179249407540237,1.012706953245449,0.147142236387475,0.479870561239281
LOAN_RATE_RANGE,WEEKLY,MID,20,SHORT,11.452700982038477,1.205298367652911,0.285007259295157,0.821305255197574
LOAN_RATE_RANGE,WEEKLY,MID,20,NEUTRAL,5.719607183008344,1.142882375371548,0.111414560106740,1.367358032441764
LOAN_RATE_RANGE,WEEKLY,MID,50,LONG,2.022458615426585,1.055419818837211,0.156327022365371,0.621129900592931
LOAN_RATE_RANGE,WEEKLY,MID,50,SHORT,2.287537741659192,1.065421792540677,0.233869615336577,0.506921757011018
LOAN_RATE_RANGE,WEEKLY,MID,50,NEUTRAL,2.938693520646231,1.086057349815155,0.073796625376689,1.461130390982775
LOAN_RATE_RANGE,WEEKLY,MID,100,SHORT,0.723565927932519,0.975524952210550,0.211843990789387,0.302727368546437
LOAN_RATE_RANGE,WEEKLY,MID,100,NEUTRAL,1.750950606790296,1.043832214795525,0.056311077863377,1.405520093803435
LOAN_RATE_RANGE,WEEKLY,SMALL,20,LONG,2046.860689613738115,1.792973090095288,1.763727374739381,0.592095662877294
LOAN_RATE_RANGE,WEEKLY,SMALL,20,SHORT,-4967.474162747436681,-1.918942371072908,7.297590463769372,-0.327981624572089
LOAN_RATE_RANGE,WEEKLY,SMALL,20,NEUTRAL,1514.944969045486669,1.752124660990356,3.747867074551798,-0.179993076041666
LOAN_RATE_RANGE,WEEKLY,SMALL,50,LONG,789.106786084678545,1.666755740074834,0.915039224459663,0.789508203422970
LOAN_RATE_RANGE,WEEKLY,SMALL,50,SHORT,-559.009376636194057,-1.623327608787431,33.977240833241555,-0.305008868777279
LOAN_RATE_RANGE,WEEKLY,SMALL,50,NEUTRAL,-15150.144810598961663,-2.090016616667576,16.995550152126047,-0.283630971938541
LOAN_RATE_RANGE,WEEKLY,SMALL,100,LONG,1686883.734334519543185,2.998404172327634,30.028531974216934,0.309911827274922
LOAN_RATE_RANGE,WEEKLY,SMALL,100,SHORT,-0.282949915153992,-0.907841764828312,18.264179106399575,-0.493058839993876
LOAN_RATE_RANGE,WEEKLY,SMALL,100,NEUTRAL,28693.241192984715637,2.194780407327545,17.597396276921434,0.008549055955108
LOAN_RATE_RANGE_DELTA,DAILY,LARGE,20,LONG,2.219928963472003,1.061409551694836,0.241013015370884,0.478467114530655
LOAN_RATE_RANGE_DELTA,DAILY,LARGE,20,SHORT,-0.833925461834158,-0.986519317985600,0.241432848144438,-0.427415357047951
LOAN_RATE_RANGE_DELTA,DAILY,LARGE,20,NEUTRAL,0.071700915413759,0.821239476472629,0.042122445094135,0.143922023151593
LOAN_RATE_RANGE_DELTA,DAILY,LARGE,50,LONG,2.728007303940394,1.077884149982730,0.233258753804667,0.533437742754724
LOAN_RATE_RANGE_DELTA,DAILY,LARGE,50,SHORT,-0.868977697115385,-0.989559531015850,0.233959048280371,-0.524206955023212
LOAN_RATE_RANGE_DELTA,DAILY,LARGE,50,NEUTRAL,0.007524676275505,0.693910342028390,0.025802802310837,0.034609861104406
LOAN_RATE_RANGE_DELTA,DAILY,LARGE,100,LONG,3.033845626357028,1.086477820337163,0.230247482701702,0.562950394698329
LOAN_RATE_RANGE_DELTA,DAILY,LARGE,100,SHORT,-0.888048415073903,-0.991166261817785,0.230597047967663,-0.586170550026740
LOAN_RATE_RANGE_DELTA,DAILY,LARGE,100,NEUTRAL,-0.038651802845287,-0.784178302495761,0.018452044449918,-0.150424718290649
LOAN_RATE_RANGE_DELTA,DAILY,MID,20,LONG,-0.062860263883538,-0.815420383350563,0.219567263647495,0.088680669077351
LOAN_RATE_RANGE_DELTA,DAILY,MID,20,SHORT,-0.601851976978480,-0.963246870587355,0.229515999881042,-0.181520561761309
LOAN_RATE_RANGE_DELTA,DAILY,MID,20,NEUTRAL,-0.174204325758780,-0.879081072502245,0.077690930786586,-0.142812688425795
LOAN_RATE_RANGE_DELTA,DAILY,MID,50,LONG,0.916988826499814,0.993629300230123,0.210507355830824,0.333769399319723
LOAN_RATE_RANGE_DELTA,DAILY,MID,50,SHORT,-0.774885423003277,-0.981366856434323,0.211231533055495,-0.415215888248313
LOAN_RATE_RANGE_DELTA,DAILY,MID,50,NEUTRAL,-0.122391621403616,-0.856490772006963,0.042542861472860,-0.205037629248063
LOAN_RATE_RANGE_DELTA,DAILY,MID,100,LONG,1.907173660670462,1.048765693323983,0.208684309285885,0.482007599240568
LOAN_RATE_RANGE_DELTA,DAILY,MID,100,SHORT,-0.852160396002048,-0.988270940885754,0.209686969992045,-0.567628068254488
LOAN_RATE_RANGE_DELTA,DAILY,MID,100,NEUTRAL,-0.122372337328007,-0.856480818936467,0.028568680892194,-0.322674800181198
LOAN_RATE_RANGE_DELTA,DAILY,SMALL,20,LONG,463496.772298360965487,2.616630942632759,93.627465140836107,0.399691847241325
LOAN_RATE_RANGE_DELTA,DAILY,SMALL,20,SHORT,-2405.875038328385459,-1.775383671911981,7.069489971380652,-0.324085054969656
LOAN_RATE_RANGE_DELTA,DAILY,SMALL,20,NEUTRAL,-17253.523863010119262,-2.052927777736372,46.690736848161029,0.376209724028642
LOAN_RATE_RANGE_DELTA,DAILY,SMALL,50,LONG,1749938.652998503448182,2.885900666536571,37.984442245398453,0.431693985932463
LOAN_RATE_RANGE_DELTA,DAILY,SMALL,50,SHORT,-1719.184800082125930,-1.731935367887577,10.262302791583105,-0.419894970664973
LOAN_RATE_RANGE_DELTA,DAILY,SMALL,50,NEUTRAL,-222.118076196766469,-1.489386305278992,19.056796340895710,0.317172040107515
LOAN_RATE_RANGE_DELTA,DAILY,SMALL,100,LONG,1273585.086319112502942,2.819079909420790,19.916818507924893,0.470342492463350
LOAN_RATE_RANGE_DELTA,DAILY,SMALL,100,SHORT,-0.457406213592426,-0.943963016148526,7.889862980260081,-0.418398212914431
LOAN_RATE_RANGE_DELTA,DAILY,SMALL,100,NEUTRAL,-2926.951370789620642,-1.801231552050005,9.529185431241691,0.318317947092699
LOAN_RATE_RANGE_DELTA,MONTHLY,LARGE,20,LONG,1.099886327320848,1.007303496974690,0.175690300076700,0.412646081365274
LOAN_RATE_RANGE_DELTA,MONTHLY,LARGE,20,SHORT,-0.591922024771003,-0.960712552072273,0.182280082570030,-0.285349509345527
LOAN_RATE_RANGE_DELTA,MONTHLY,LARGE,20,NEUTRAL,0.125707359238322,0.853417074493694,0.048815673141821,0.209813574384278
LOAN_RATE_RANGE_DELTA,MONTHLY,LARGE,50,LONG,1.458749501053934,1.029280057352108,0.157807120026786,0.516391535444168
LOAN_RATE_RANGE_DELTA,MONTHLY,LARGE,50,SHORT,-0.720523967012595,-0.975258233178056,0.169819417464426,-0.487609477400616
LOAN_RATE_RANGE_DELTA,MONTHLY,LARGE,50,NEUTRAL,-0.015325995219665,-0.726618834889279,0.032385490193964,-0.020306877860639
LOAN_RATE_RANGE_DELTA,MONTHLY,LARGE,100,LONG,1.641286921342000,1.038597382174156,0.151140393538270,0.568732485780906
LOAN_RATE_RANGE_DELTA,MONTHLY,LARGE,100,SHORT,-0.732777612124920,-0.976516089330470,0.160537768833726,-0.546064826042457
LOAN_RATE_RANGE_DELTA,MONTHLY,LARGE,100,NEUTRAL,-0.014389171802866,-0.723124252287327,0.022655279013164,-0.037641935275171
LOAN_RATE_RANGE_DELTA,MONTHLY,MID,20,LONG,-0.408654033677034,-0.933887817431676,0.239391259296643,-0.049145265602391
LOAN_RATE_RANGE_DELTA,MONTHLY,MID,20,SHORT,1.620891416651316,1.037605217621402,0.246226617180311,0.424761554119137
LOAN_RATE_RANGE_DELTA,MONTHLY,MID,20,NEUTRAL,0.744855245306221,0.977737009627523,0.087273656595460,0.531790789907218
LOAN_RATE_RANGE_DELTA,MONTHLY,MID,50,LONG,-0.296692232025772,-0.911311213209980,0.194461117481003,-0.039851303326725
LOAN_RATE_RANGE_DELTA,MONTHLY,MID,50,SHORT,-0.086278336694369,-0.829215956836192,0.212091637320917,0.072733454526920
LOAN_RATE_RANGE_DELTA,MONTHLY,MID,50,NEUTRAL,0.028127974188523,0.761136960886861,0.058762128716737,0.065319523375643
LOAN_RATE_RANGE_DELTA,MONTHLY,MID,100,LONG,-0.129355694495314,-0.855285279985505,0.176151907522932,0.029125128618239
LOAN_RATE_RANGE_DELTA,MONTHLY,MID,100,SHORT,-0.191350320777782,-0.881267925557839,0.194635802748925,0.011878674146381
LOAN_RATE_RANGE_DELTA,MONTHLY,MID,100,NEUTRAL,0.038052580264126,0.778922639636349,0.041861350978749,0.088894195564848
LOAN_RATE_RANGE_DELTA,MONTHLY,SMALL,20,LONG,105.804204091348594,1.428035740678147,5.901374999546117,0.375283402169982
LOAN_RATE_RANGE_DELTA,MONTHLY,SMALL,20,SHORT,436.020747607136212,1.591276942138051,0.361099423300577,1.490453678181365
LOAN_RATE_RANGE_DELTA,MONTHLY,SMALL,20,NEUTRAL,1810.490288956377823,1.774203906635436,2.965536896173322,0.464146990467449
LOAN_RATE_RANGE_DELTA,MONTHLY,SMALL,50,LONG,6.531020938718486,1.154227845126540,2.356701503625125,0.329017805630220
LOAN_RATE_RANGE_DELTA,MONTHLY,SMALL,50,SHORT,9423.467896526246656,2.012617903159992,31.524722842933534,-0.282578903555497
LOAN_RATE_RANGE_DELTA,MONTHLY,SMALL,50,NEUTRAL,4651.104005553733869,1.906877329336300,15.825094458376607,-0.256959757175225
LOAN_RATE_RANGE_DELTA,MONTHLY,SMALL,100,LONG,55.318863575470259,1.358980552975343,1.954000240362424,0.449095528522295
LOAN_RATE_RANGE_DELTA,MONTHLY,SMALL,100,SHORT,-2981.715007240334104,-1.843165319618818,15.782960596395813,-0.293574391167545
LOAN_RATE_RANGE_DELTA,MONTHLY,SMALL,100,NEUTRAL,-507.927243566383777,-1.609951726253132,7.965744062235489,-0.235755771707279
LOAN_RATE_RANGE_DELTA,WEEKLY,LARGE,20,LONG,1.041786876078154,1.003144674889963,0.189008487741645,0.385045604198722
LOAN_RATE_RANGE_DELTA,WEEKLY,LARGE,20,SHORT,-0.471380156136411,-0.943949652566964,0.192917315103639,-0.157279027985440
LOAN_RATE_RANGE_DELTA,WEEKLY,LARGE,20,NEUTRAL,0.298224928634852,0.911380087312323,0.049211312632857,0.431151266749316
LOAN_RATE_RANGE_DELTA,WEEKLY,LARGE,50,LONG,1.382894995972889,1.025174965140408,0.178832492320159,0.462651479957075
LOAN_RATE_RANGE_DELTA,WEEKLY,LARGE,50,SHORT,-0.688976051739277,-0.971831287864565,0.178823004345836,-0.411277678480205
LOAN_RATE_RANGE_DELTA,WEEKLY,LARGE,50,NEUTRAL,0.055854603429618,0.801501294266519,0.029322243123810,0.156727558517817
LOAN_RATE_RANGE_DELTA,WEEKLY,LARGE,100,LONG,1.440640533857928,1.028396544683931,0.173940587828894,0.481245383712532
LOAN_RATE_RANGE_DELTA,WEEKLY,LARGE,100,SHORT,-0.698608317172922,-0.972866672667996,0.173048193984361,-0.444838512492947
LOAN_RATE_RANGE_DELTA,WEEKLY,LARGE,100,NEUTRAL,0.042062146952985,0.784255819961331,0.020282985443612,0.165892830471489
LOAN_RATE_RANGE_DELTA,WEEKLY,MID,20,LONG,-0.395616734472662,-0.931349123801103,0.235597589770534,-0.045664969271070
LOAN_RATE_RANGE_DELTA,WEEKLY,MID,20,SHORT,0.468740447280260,0.943543178770289,0.232217408081980,0.243751504931806
LOAN_RATE_RANGE_DELTA,WEEKLY,MID,20,NEUTRAL,0.286416928109853,0.908560561667738,0.085009799089402,0.269644126237275
LOAN_RATE_RANGE_DELTA,WEEKLY,MID,50,LONG,-0.137710678229961,-0.858938596271119,0.203669772297197,0.047241763468129
LOAN_RATE_RANGE_DELTA,WEEKLY,MID,50,SHORT,-0.039132968404231,-0.779926055771413,0.197728530790491,0.083420810885233
LOAN_RATE_RANGE_DELTA,WEEKLY,MID,50,NEUTRAL,0.166515866049493,0.871542623840219,0.049961862463631,0.261363290861817
LOAN_RATE_RANGE_DELTA,WEEKLY,MID,100,LONG,0.158023617038402,0.868050616803663,0.194526554487339,0.156169635194219
LOAN_RATE_RANGE_DELTA,WEEKLY,MID,100,SHORT,-0.390413755580931,-0.930403943406144,0.193286287040069,-0.099469613428977
LOAN_RATE_RANGE_DELTA,WEEKLY,MID,100,NEUTRAL,0.066738860861621,0.812520564259164,0.035306966410010,0.157943742140887
LOAN_RATE_RANGE_DELTA,WEEKLY,SMALL,20,LONG,-0.811461994919227,-0.984104499938740,0.552396569093572,-0.031144261012963
LOAN_RATE_RANGE_DELTA,WEEKLY,SMALL,20,SHORT,-3.733514764824284,-1.106316136350320,0.531673530535187,0.315049678963989
LOAN_RATE_RANGE_DELTA,WEEKLY,SMALL,20,NEUTRAL,0.027311750021642,0.758706850069186,0.354950690322626,0.211718974319552
LOAN_RATE_RANGE_DELTA,WEEKLY,SMALL,50,LONG,1.100657257159795,1.007382857963379,0.582013453894964,0.301581292866213
LOAN_RATE_RANGE_DELTA,WEEKLY,SMALL,50,SHORT,17.501748668412035,1.245488092147025,1.686003418411103,-0.284945701261630
LOAN_RATE_RANGE_DELTA,WEEKLY,SMALL,50,NEUTRAL,0.985387322724868,0.998871631642682,0.881853500262821,-0.172871716450984
LOAN_RATE_RANGE_DELTA,WEEKLY,SMALL,100,LONG,54.747311081058271,1.359332686243035,4.301836029797186,0.315990772731120
LOAN_RATE_RANGE_DELTA,WEEKLY,SMALL,100,SHORT,-0.833890584006722,-0.986164507894118,0.877616554023204,-0.355943339994565
LOAN_RATE_RANGE_DELTA,WEEKLY,SMALL,100,NEUTRAL,-4.110736067810879,-1.114513359224345,2.191507277259760,0.238867270624297
SHORT_INTEREST,DAILY,LARGE,20,LONG,4.379155772191462,1.116290510892392,0.233594429634055,0.648712183208913
SHORT_INTEREST,DAILY,LARGE,20,SHORT,-0.719318847821131,-0.975757872979327,0.256834721476923,-0.233018454328841
SHORT_INTEREST,DAILY,LARGE,20,NEUTRAL,0.798798436938708,0.983405285109599,0.064906482804489,0.706310977387282
SHORT_INTEREST,DAILY,LARGE,50,LONG,5.179593634468044,1.130337030334839,0.227332380177007,0.705721573068013
SHORT_INTEREST,DAILY,LARGE,50,SHORT,-0.772043268475553,-0.980912829684652,0.240520583516886,-0.330111304113678
SHORT_INTEREST,DAILY,LARGE,50,NEUTRAL,0.700826197695000,0.973866660231210,0.043629844348889,0.928662509186044
SHORT_INTEREST,DAILY,LARGE,100,LONG,4.770874540776815,1.123437278895221,0.224647900324645,0.688760329480150
SHORT_INTEREST,DAILY,LARGE,100,SHORT,-0.820579105550843,-0.985377914857359,0.234856898892024,-0.419666526639732
SHORT_INTEREST,DAILY,LARGE,100,NEUTRAL,0.446447267566507,0.941697344485283,0.034264785845985,0.819602128577319
SHORT_INTEREST,DAILY,MID,20,LONG,2.297966102987507,1.063263483238385,0.172556257831283,0.596232078260498
SHORT_INTEREST,DAILY,MID,20,SHORT,63.699354923458414,1.358357395788445,0.302048055648958,1.169491155345828
SHORT_INTEREST,DAILY,MID,20,NEUTRAL,18.628395761708065,1.240642458156066,0.130236951545065,1.751139367066004
SHORT_INTEREST,DAILY,MID,50,LONG,2.531700233459685,1.070884194594082,0.150290605836746,0.694317080466963
SHORT_INTEREST,DAILY,MID,50,SHORT,1.793195067382715,1.043997070398845,0.279481689207081,0.411209227549919
SHORT_INTEREST,DAILY,MID,50,NEUTRAL,3.117500945076780,1.087444346301212,0.102545264403628,1.069160947970653
SHORT_INTEREST,DAILY,MID,100,LONG,2.563542057577695,1.071871473496667,0.145181277886872,0.718170848519501
SHORT_INTEREST,DAILY,MID,100,SHORT,-0.387839874189912,-0.932550685467192,0.266524659903391,-0.002460119368706
SHORT_INTEREST,DAILY,MID,100,NEUTRAL,0.914161165776551,0.993404934522644,0.088587108225994,0.584787567434626
SHORT_INTEREST,DAILY,SMALL,20,LONG,3856922802286546462033858318000000000000000000000000000000000000000000000000000000000000000000000000000000000000000000.000000000000000,458898530.727200600000000,110.891696532645670,0.980023063706995
SHORT_INTEREST,DAILY,SMALL,20,SHORT,43705969.933879715888301,3.654455232248256,19.419304768373255,-0.324848974039755
SHORT_INTEREST,DAILY,SMALL,20,NEUTRAL,147303807987281408055075536600000000000000000000000000000000000000000000000000000.000000000000000,804275.481637277500000,54.601544798250554,0.937410098223982
SHORT_INTEREST,DAILY,SMALL,50,LONG,72348861264338119202194746300000000000000000000000000000000000000000000000000000000000000000000000.000000000000000,16165427.469152521000000,80.150335549929433,1.029359077344749
SHORT_INTEREST,DAILY,SMALL,50,SHORT,848404.202061736694822,2.733485174042189,19.417741946927141,-0.340871321712534
SHORT_INTEREST,DAILY,SMALL,50,NEUTRAL,1467830084106104726676530798000000000000000000000000000000000000.000000000000000,44980.688924915320000,38.894459478660503,0.975518429945782
SHORT_INTEREST,DAILY,SMALL,100,LONG,2292081137361545182249640740000000000000000000000000000000000000000000000000000000.000000000000000,984491.370477280900000,43.546219748085631,1.126539691930474
SHORT_INTEREST,DAILY,SMALL,100,SHORT,82533.293819421600766,2.302353689773811,19.416867719747931,-0.350417013630829
SHORT_INTEREST,DAILY,SMALL,100,NEUTRAL,24864620223295007036379508180000000000000000000000.000000000000000,4351.214864618907000,19.503906528239348,1.083181569757563
SHORT_INTEREST,MONTHLY,LARGE,20,LONG,2.690030953362495,1.078568394658708,0.152410798205829,0.734535821419004
SHORT_INTEREST,MONTHLY,LARGE,20,SHORT,-0.277240064031436,-0.906600062151019,0.189655729217780,-0.036249932158818
SHORT_INTEREST,MONTHLY,LARGE,20,NEUTRAL,0.944020710616248,0.995606583324313,0.057040881587094,0.921060304574101
SHORT_INTEREST,MONTHLY,LARGE,50,LONG,2.777342084733451,1.081204831444875,0.154134986709833,0.739587428484291
SHORT_INTEREST,MONTHLY,LARGE,50,SHORT,-0.557400099787717,-0.956310126956645,0.171373585759090,-0.276927625582011
SHORT_INTEREST,MONTHLY,LARGE,50,NEUTRAL,0.527599904879059,0.952302407324329,0.041134652391138,0.808785469192158
SHORT_INTEREST,MONTHLY,LARGE,100,LONG,2.777498493598664,1.081209485272225,0.147439014787587,0.766048734951852
SHORT_INTEREST,MONTHLY,LARGE,100,SHORT,-0.664507075393087,-0.969243932905343,0.161706174167630,-0.433334730862047
SHORT_INTEREST,MONTHLY,LARGE,100,NEUTRAL,0.315270178948227,0.915551479791948,0.030785097156202,0.696320188326581
SHORT_INTEREST,MONTHLY,MID,20,LONG,-0.106321726111054,-0.842561640385427,0.148761086999757,0.017273834484798
SHORT_INTEREST,MONTHLY,MID,20,SHORT,41.618184063427970,1.329740398608666,0.325641309399825,1.059617951706368
SHORT_INTEREST,MONTHLY,MID,20,NEUTRAL,7.493499855273416,1.166419796195323,0.135083543135016,1.286703929968668
SHORT_INTEREST,MONTHLY,MID,50,LONG,0.198289326885505,0.883670577986784,0.134148344269142,0.169860598227717
SHORT_INTEREST,MONTHLY,MID,50,SHORT,2.522519574018758,1.073281067144615,0.307556767993582,0.481384543578929
SHORT_INTEREST,MONTHLY,MID,50,NEUTRAL,1.764107293814388,1.044341833045973,0.119460570863723,0.715045940090571
SHORT_INTEREST,MONTHLY,MID,100,LONG,0.330067488791056,0.918766825919966,0.119682442235069,0.242697018932622
SHORT_INTEREST,MONTHLY,MID,100,SHORT,-0.162936332269161,-0.870506606708894,0.295223121389799,0.120448495076952
SHORT_INTEREST,MONTHLY,MID,100,NEUTRAL,0.398377455942007,0.932071611209084,0.111440967370979,0.289865361708865
SHORT_INTEREST,MONTHLY,SMALL,20,LONG,490298479318040327072471.867700000000000,64.674910729037750,15.920692225995170,0.901156560356677
SHORT_INTEREST,MONTHLY,SMALL,20,SHORT,21020.747222645031695,2.139900051322281,0.401439869795356,2.167689909341120
SHORT_INTEREST,MONTHLY,SMALL,20,NEUTRAL,1271534844334878769.842802508000000,24.197489680110575,7.960693809308487,0.955773062270283
SHORT_INTEREST,MONTHLY,SMALL,50,LONG,9904352847912276972549.135621000000000,47.996507692101320,7.276719528171943,1.207862075793405
SHORT_INTEREST,MONTHLY,SMALL,50,SHORT,4215.452236596892523,1.892597026125590,0.312391477809900,2.254262547585849
SHORT_INTEREST,MONTHLY,SMALL,50,NEUTRAL,4405211494889686.629879071819000,15.693405799978416,3.631470907882358,1.307113040926440
SHORT_INTEREST,MONTHLY,SMALL,100,LONG,3455924349600308563271.555617000000000,44.285309698178700,63.898126386827687,0.378136873631649
SHORT_INTEREST,MONTHLY,SMALL,100,SHORT,422.292166807724810,1.587390577744587,0.286996565442537,1.788014501720759
SHORT_INTEREST,MONTHLY,SMALL,100,NEUTRAL,1212718536656340.431855372554000,14.219975715531875,31.950699906948449,0.386147906550618
SHORT_INTEREST,WEEKLY,LARGE,20,LONG,2.449137645013593,1.071114306752725,0.183874036180780,0.608402775527058
SHORT_INTEREST,WEEKLY,LARGE,20,SHORT,-0.305520880327684,-0.913071130674149,0.210222738281356,-0.028087276673438
SHORT_INTEREST,WEEKLY,LARGE,20,NEUTRAL,0.935090835907988,0.994866021504365,0.068580319530865,0.772560484344961
SHORT_INTEREST,WEEKLY,LARGE,50,LONG,2.812788013647327,1.082547809947346,0.173234285576616,0.680252927161254
SHORT_INTEREST,WEEKLY,LARGE,50,SHORT,-0.507299954910402,-0.949281336044984,0.190217942655819,-0.190535233023423
SHORT_INTEREST,WEEKLY,LARGE,50,NEUTRAL,0.680957632501850,0.970959132716643,0.043687089589679,0.933913320679258
SHORT_INTEREST,WEEKLY,LARGE,100,LONG,2.382808822347779,1.068861158652700,0.167166776561282,0.643870600963793
SHORT_INTEREST,WEEKLY,LARGE,100,SHORT,-0.622696047777044,-0.964321315316029,0.180967636930506,-0.322676494517220
SHORT_INTEREST,WEEKLY,LARGE,100,NEUTRAL,0.369189280890704,0.926423715871364,0.032114491215756,0.766628526808708
SHORT_INTEREST,WEEKLY,MID,20,LONG,0.315093891903702,0.915234263115992,0.168017517478585,0.208045993742296
SHORT_INTEREST,WEEKLY,MID,20,SHORT,161.832575275553288,1.477157781581234,0.301765382329588,1.449624195900697
SHORT_INTEREST,WEEKLY,MID,20,NEUTRAL,18.119616647361864,1.248806653511420,0.137698754852498,1.715345108262500
SHORT_INTEREST,WEEKLY,MID,50,LONG,0.491605464791229,0.946996085111407,0.134081760221818,0.296455932830983
SHORT_INTEREST,WEEKLY,MID,50,SHORT,6.342507597489723,1.152206555663455,0.275221566989696,0.694120148709558
SHORT_INTEREST,WEEKLY,MID,50,NEUTRAL,3.182905459956435,1.092860307042498,0.104935832142050,1.099653776970738
SHORT_INTEREST,WEEKLY,MID,100,LONG,0.584128384595184,0.959604073360553,0.128038906098128,0.340564186133286
SHORT_INTEREST,WEEKLY,MID,100,SHORT,0.486179967134509,0.946190396002189,0.263958501705832,0.247505771904964
SHORT_INTEREST,WEEKLY,MID,100,NEUTRAL,0.926649081963154,0.994174295864509,0.090931294447870,0.599005651606202
SHORT_INTEREST,WEEKLY,SMALL,20,LONG,3243985430187405345006419218000000000000000000000000000.000000000000000,15163.194707962540000,63.692652993391814,0.810327277962335
SHORT_INTEREST,WEEKLY,SMALL,20,SHORT,28072.125254415756684,2.193641515385554,0.383295732333084,2.259050832633626
SHORT_INTEREST,WEEKLY,SMALL,20,NEUTRAL,9791470948502833510736249942000000000000.000000000000000,1167.198389752561000,31.851408848252430,0.823790541253970
SHORT_INTEREST,WEEKLY,SMALL,50,LONG,337694224187239854084695173200000000000000000000000000.000000000000000,12747.719273455705000,26.433525199052473,1.097347319742854
SHORT_INTEREST,WEEKLY,SMALL,50,SHORT,2281.007805740769897,1.809486909460915,0.346773297349643,1.909945120750989
SHORT_INTEREST,WEEKLY,SMALL,50,NEUTRAL,3176784299148608377193246064000000000.000000000000000,630.322021919152500,13.223393241243481,1.121840493379487
SHORT_INTEREST,WEEKLY,SMALL,100,LONG,615550116999585307817276107300000000000000000.000000000000000,2723.734337711948700,13.912258588471088,1.318464980745324
SHORT_INTEREST,WEEKLY,SMALL,100,SHORT,233.815920315747268,1.519440008445994,0.295895773786088,1.575650711110880
SHORT_INTEREST,WEEKLY,SMALL,100,NEUTRAL,132885252546014230379460294300.000000000000000,171.261201505011100,6.964215172584486,1.350407308809001
SHORT_RATIO,DAILY,LARGE,20,LONG,2.563395982019186,1.072636870803485,0.235172146930323,0.515417004783936
SHORT_RATIO,DAILY,LARGE,20,SHORT,-0.822746033339948,-0.985571510337576,0.262222640775789,-0.353406238935165
SHORT_RATIO,DAILY,LARGE,20,NEUTRAL,0.165347714191617,0.874537436894642,0.075790818406930,0.188285381653888
SHORT_RATIO,DAILY,LARGE,50,LONG,3.442559979734396,1.096458898445706,0.227708511248354,0.596932427524645
SHORT_RATIO,DAILY,LARGE,50,SHORT,-0.839345674431232,-0.987039077474315,0.242806370891502,-0.432020228827285
SHORT_RATIO,DAILY,LARGE,50,NEUTRAL,0.211857052986310,0.890834179898330,0.049009759266114,0.316562771771134
SHORT_RATIO,DAILY,LARGE,100,LONG,3.792112193054747,1.104386058071682,0.224382127783986,0.627607034110902
SHORT_RATIO,DAILY,LARGE,100,SHORT,-0.857657493499268,-0.988627177029132,0.235484695873344,-0.491117279009388
SHORT_RATIO,DAILY,LARGE,100,NEUTRAL,0.173201888492846,0.877565842018436,0.037085973311658,0.339389752950241
SHORT_RATIO,DAILY,MID,20,LONG,2.316894474829296,1.063906745131791,0.185131114545107,0.569928424313308
SHORT_RATIO,DAILY,MID,20,SHORT,-0.886830723688823,-0.991184350636775,0.329816367306954,-0.321250361928508
SHORT_RATIO,DAILY,MID,20,NEUTRAL,-0.121483992356958,-0.856059671290500,0.136505691052411,-0.001619503772477
SHORT_RATIO,DAILY,MID,50,LONG,2.794140201569991,1.078700018137410,0.152694205405990,0.720375151836467
SHORT_RATIO,DAILY,MID,50,SHORT,-0.916952933049632,-0.993628290588475,0.302685361362442,-0.453822439201281
SHORT_RATIO,DAILY,MID,50,NEUTRAL,-0.234817120850722,-0.898681057814340,0.109732808247778,-0.124704261365174
SHORT_RATIO,DAILY,MID,100,LONG,2.228967989034970,1.060876342179846,0.144838696826486,0.669307855897417
SHORT_RATIO,DAILY,MID,100,SHORT,-0.889338378335531,-0.991390718384578,0.279839693172598,-0.439849346945016
SHORT_RATIO,DAILY,MID,100,NEUTRAL,-0.210792790971972,-0.891558187846360,0.093518187701049,-0.139789004203818
SHORT_RATIO,DAILY,SMALL,20,LONG,383029.655785052349442,2.577957869065802,19.424697283219689,0.386388974765854
SHORT_RATIO,DAILY,SMALL,20,SHORT,600825494949167055129759245500000000000000000000000000000000000000000000.000000000000000,193827.046161454370000,1864.900334368436613,-0.697730495121999
SHORT_RATIO,DAILY,SMALL,20,NEUTRAL,-53516850376843626761631174150000000000000000.000000000000000,-1664.015795569486700,932.408925837420144,-0.693736572513917
SHORT_RATIO,DAILY,SMALL,50,LONG,7721958.440544431943696,3.216387805437935,19.416749357143494,0.393108566931284
SHORT_RATIO,DAILY,SMALL,50,SHORT,-1.011266447137300,-1.000825616946029,746.154296736180794,-0.706782229960685
SHORT_RATIO,DAILY,SMALL,100,LONG,18969727.505827563483877,3.436540172601662,19.416842280659387,0.396344366057712
SHORT_RATIO,DAILY,SMALL,100,SHORT,-1.000000000000000,-1.000000000000000,373.562642928543936,-0.730616391942316
SHORT_RATIO,DAILY,SMALL,100,NEUTRAL,-1.000000000000000,-1.000000000000000,186.538494754418734,-0.710939676675061
SHORT_RATIO,MONTHLY,LARGE,20,LONG,1.364529142947750,1.024040558690531,0.167097405459091,0.479017498998597
SHORT_RATIO,MONTHLY,LARGE,20,SHORT,-0.640244616367151,-0.966492337972001,0.197282825989195,-0.296758390478936
SHORT_RATIO,MONTHLY,LARGE,20,NEUTRAL,0.115045185500486,0.847655227158640,0.070137539450575,0.153250652296040
SHORT_RATIO,MONTHLY,LARGE,50,LONG,1.604390014510488,1.036794012030106,0.154634697034647,0.552930589554420
SHORT_RATIO,MONTHLY,LARGE,50,SHORT,-0.704289680892130,-0.973560978710848,0.177083281635050,-0.434924498275340
SHORT_RATIO,MONTHLY,LARGE,50,NEUTRAL,0.043138681623852,0.786427359715745,0.045156908089345,0.093943508732657
SHORT_RATIO,MONTHLY,LARGE,100,LONG,2.071645365657357,1.057248248218807,0.147980718959498,0.656282792530718
SHORT_RATIO,MONTHLY,LARGE,100,SHORT,-0.727893984318299,-0.976017122580855,0.162024133223591,-0.529973921046435
SHORT_RATIO,MONTHLY,LARGE,100,NEUTRAL,0.068580427406522,0.814792735130381,0.033336368365394,0.168714152775907
SHORT_RATIO,MONTHLY,MID,20,SHORT,-1.086951870825474,-1.006393138988937,0.475657546996533,-0.218247344865998
SHORT_RATIO,MONTHLY,MID,20,NEUTRAL,-0.705172271388692,-0.973654175613893,0.212807241001301,-0.288439925286547
SHORT_RATIO,MONTHLY,MID,50,LONG,-0.013410486727838,-0.719241506398938,0.135939764545313,0.059789209355857
SHORT_RATIO,MONTHLY,MID,50,SHORT,-0.933401035291179,-0.994746054102728,0.368265696386879,-0.259328557446961
SHORT_RATIO,MONTHLY,MID,50,NEUTRAL,-0.526446734299317,-0.952143155632362,0.150200700876885,-0.290857766471549
SHORT_RATIO,MONTHLY,MID,100,LONG,0.113399410577227,0.846722211838338,0.120224188574934,0.128963498947867
SHORT_RATIO,MONTHLY,MID,100,SHORT,-0.814720299489170,-0.984460067836265,0.302082586549603,-0.253056772767368
SHORT_RATIO,MONTHLY,MID,100,NEUTRAL,-0.387303424431112,-0.930065378139008,0.113713517523713,-0.267951927667538
SHORT_RATIO,MONTHLY,SMALL,20,LONG,7.390286383875607,1.165183944894232,0.459883333859352,0.536152503488855
SHORT_RATIO,MONTHLY,SMALL,20,SHORT,-161084435803798009442762874300000000000000000000000000000000.000000000000000,-33525.857249557680000,1417.067276719454930,-0.579284515314996
SHORT_RATIO,MONTHLY,SMALL,20,NEUTRAL,319017279753513146424057919700000000000000000.000000000000000,2520.956879039285500,708.531607727911612,-0.579112176515312
SHORT_RATIO,MONTHLY,SMALL,50,LONG,7199.671861004001276,1.971634680384250,2.054423016510869,0.662042381873270
SHORT_RATIO,MONTHLY,SMALL,50,SHORT,-1769332400959777762017759707000000000000000.000000000000000,-1694.852588570054000,566.759852145031844,-0.606154039501976
SHORT_RATIO,MONTHLY,SMALL,50,NEUTRAL,1911673910292417.818574474648000,14.723333563297087,283.346487557520048,-0.603825481740908
SHORT_RATIO,MONTHLY,SMALL,100,LONG,818.715944624155028,1.669782349910336,1.046094854299554,0.743479498994479
SHORT_RATIO,MONTHLY,SMALL,100,SHORT,113025797447695847.895974824100000,20.110718440482520,283.767628765107300,-0.632455489272542
SHORT_RATIO,MONTHLY,SMALL,100,NEUTRAL,-11560.509868266637837,-2.044306511177176,141.870219462540288,-0.629775033439460
SHORT_RATIO,WEEKLY,LARGE,20,LONG,1.131847139087666,1.009544149390959,0.197417590497685,0.392465224751403
SHORT_RATIO,WEEKLY,LARGE,20,SHORT,-0.702783484108705,-0.973311377419204,0.217017911136648,-0.320118522153845
SHORT_RATIO,WEEKLY,LARGE,20,NEUTRAL,0.011264539427894,0.708881907398262,0.079740639934304,0.050213329346068
SHORT_RATIO,WEEKLY,LARGE,50,LONG,1.444772779659223,1.028622483250805,0.176033530161288,0.478352171474712
SHORT_RATIO,WEEKLY,LARGE,50,SHORT,-0.696984507982858,-0.972693054695820,0.193387232084071,-0.376641863580866
SHORT_RATIO,WEEKLY,LARGE,50,NEUTRAL,0.059633703097823,0.805535927760307,0.049874633975979,0.113968695244936
SHORT_RATIO,WEEKLY,LARGE,100,LONG,1.814194877564008,1.046743001562679,0.167937672124506,0.557589596771952
SHORT_RATIO,WEEKLY,LARGE,100,SHORT,-0.701740876414261,-0.973200556321078,0.182270016562999,-0.417705113730320
SHORT_RATIO,WEEKLY,LARGE,100,NEUTRAL,0.111651575159128,0.845229965728348,0.035628247570152,0.245664354529111
SHORT_RATIO,WEEKLY,MID,20,LONG,0.036620346376936,0.775966584475335,0.180124783585590,0.104628431676647
SHORT_RATIO,WEEKLY,MID,20,SHORT,-0.875803856984883,-0.989880631060708,0.351429992588798,-0.260291856646873
SHORT_RATIO,WEEKLY,MID,20,NEUTRAL,-0.473735042310056,-0.944310498274875,0.157339464111794,-0.230800937481506
SHORT_RATIO,WEEKLY,MID,50,LONG,0.266741453869999,0.903614816197746,0.137373263554814,0.201360251199848
SHORT_RATIO,WEEKLY,MID,50,SHORT,-0.798041434661737,-0.982846571450237,0.301956377929279,-0.251959407372896
SHORT_RATIO,WEEKLY,MID,50,NEUTRAL,-0.331183998881993,-0.918736899155479,0.114432753628446,-0.211561959503310
SHORT_RATIO,WEEKLY,MID,100,LONG,0.357142812220502,0.924069613814930,0.127183428958782,0.248671040251869
SHORT_RATIO,WEEKLY,MID,100,SHORT,-0.774764449162044,-0.980617726828425,0.278355593234217,-0.270148954372626
SHORT_RATIO,WEEKLY,MID,100,NEUTRAL,-0.291959391187355,-0.909897102914719,0.096582484072123,-0.225561794628722
SHORT_RATIO,WEEKLY,SMALL,20,LONG,1182.383766092883579,1.720555912346140,2.039003335486557,0.554726756446622
SHORT_RATIO,WEEKLY,SMALL,20,SHORT,75110578956692663247851413020000000000000000000000.000000000000000,6687.672717210435000,485.562502328088464,-0.853568033001732
SHORT_RATIO,WEEKLY,SMALL,20,NEUTRAL,-3469363181941319972145.835898000000000,-44.880176300725830,242.794049992687810,-0.851193718127268
SHORT_RATIO,WEEKLY,SMALL,50,LONG,29841.839874089768786,2.203951144055810,1.695506240883698,0.811087229313037
SHORT_RATIO,WEEKLY,SMALL,50,SHORT,-77038555430.034203470718315,-6.838624615572142,196.459843996301282,-0.932858886300020
SHORT_RATIO,WEEKLY,SMALL,50,NEUTRAL,-1.000000000000000,-1.000000000000000,98.246701246696228,-0.925700840362722
SHORT_RATIO,WEEKLY,SMALL,100,LONG,106977.442571899277347,2.430677977719342,1.580607050039038,0.878623101928842
SHORT_RATIO,WEEKLY,SMALL,100,SHORT,-1.000000000000000,-1.000000000000000,98.867437981287366,-0.993388433458452
SHORT_RATIO,WEEKLY,SMALL,100,NEUTRAL,-1.000000000000000,-1.000000000000000,49.451179301725178,-0.978995979815470
UTILIZATION_PCT,DAILY,LARGE,20,LONG,3.287740491952060,1.094131796884468,0.190377895818481,0.673849192636885
UTILIZATION_PCT,DAILY,LARGE,20,SHORT,0.114559787045099,0.848940120728081,0.200515856678030,0.140643176601190
UTILIZATION_PCT,DAILY,LARGE,20,NEUTRAL,1.751460729458346,1.043284874026860,0.058904793082740,1.328704516999541
UTILIZATION_PCT,DAILY,LARGE,50,LONG,2.360085004105774,1.067057180068246,0.184166079761708,0.590207761461924
UTILIZATION_PCT,DAILY,LARGE,50,SHORT,-0.180892696890336,-0.878763997285931,0.181876557377042,0.007487673389979
UTILIZATION_PCT,DAILY,LARGE,50,NEUTRAL,1.049226754198059,1.003639813615831,0.039873959232667,1.380488729706716
UTILIZATION_PCT,DAILY,LARGE,100,LONG,1.615925878796590,1.036939718604574,0.182639956771504,0.490059169982512
UTILIZATION_PCT,DAILY,LARGE,100,SHORT,-0.369523807897178,-0.927513636110206,0.180739244937858,-0.103047860502146
UTILIZATION_PCT,DAILY,LARGE,100,NEUTRAL,0.587959098064326,0.960640512638308,0.031095109437407,1.140064473301246
UTILIZATION_PCT,DAILY,MID,20,LONG,7.963415831664348,1.165346540949493,0.196661106938134,0.921208912451820
UTILIZATION_PCT,DAILY,MID,20,SHORT,-0.732349136573547,-0.977289232336274,0.236239816540221,-0.292890783670259
UTILIZATION_PCT,DAILY,MID,20,NEUTRAL,1.037417084241112,1.002712768873025,0.083543589927371,0.670150154792327
UTILIZATION_PCT,DAILY,MID,50,LONG,8.033281921342412,1.166097505442566,0.196529535462652,0.924714443844720
UTILIZATION_PCT,DAILY,MID,50,SHORT,-0.747981090341214,-0.978812645634628,0.239821158811148,-0.303726835139296
UTILIZATION_PCT,DAILY,MID,50,NEUTRAL,1.019564275104733,1.001429932529840,0.072177026192717,0.754350686522497
UTILIZATION_PCT,DAILY,MID,100,LONG,8.196783132763349,1.167831543152270,0.199200700015872,0.921704009826270
UTILIZATION_PCT,DAILY,MID,100,SHORT,-0.676365639705767,-0.971574426034547,0.232823561588120,-0.240907352031011
UTILIZATION_PCT,DAILY,MID,100,NEUTRAL,1.314463217607241,1.020369731168296,0.061023027277356,1.044811950025311
UTILIZATION_PCT,DAILY,SMALL,20,LONG,530043.428050406442642,2.640389977341692,13.768791217305217,0.350167897426153
UTILIZATION_PCT,DAILY,SMALL,20,SHORT,-1.137292171915463,-1.009521759940321,7.200273912173221,-0.453601906189261
UTILIZATION_PCT,DAILY,SMALL,20,NEUTRAL,-803.278734596408379,-1.636741938186990,7.770892172451397,0.100074139783503
UTILIZATION_PCT,DAILY,SMALL,50,LONG,26647.132006037601927,2.118386684958372,5.522689401580747,0.390509050115559
UTILIZATION_PCT,DAILY,SMALL,50,SHORT,-1.791290650880885,-1.043875941309152,6.524742882965323,-0.659292967972148
UTILIZATION_PCT,DAILY,SMALL,50,NEUTRAL,-0.999999999998904,-0.999999999999919,4.275529124246639,-0.250852800429556
UTILIZATION_PCT,DAILY,SMALL,100,LONG,238502.111554188576867,2.489547659574500,19.203756488194675,0.333302115123992
UTILIZATION_PCT,DAILY,SMALL,100,SHORT,-1.000000000000000,-1.000000000000000,14.791946857795060,-0.539620469910856
UTILIZATION_PCT,DAILY,SMALL,100,NEUTRAL,47.925764205537348,1.329827182668175,12.122451463772441,-0.065225448135814
UTILIZATION_PCT,MONTHLY,LARGE,20,LONG,3.262786883108379,1.093973337160728,0.146327005615401,0.829101888554159
UTILIZATION_PCT,MONTHLY,LARGE,20,SHORT,-0.431808744759729,-0.938211204532840,0.169302568313814,-0.168050622757101
UTILIZATION_PCT,MONTHLY,LARGE,20,NEUTRAL,0.803063821654811,0.983480667767789,0.056381670397533,0.823570798877512
UTILIZATION_PCT,MONTHLY,LARGE,50,LONG,3.276711156976161,1.094327220344026,0.146766417760529,0.828727477177781
UTILIZATION_PCT,MONTHLY,LARGE,50,SHORT,-0.512004789720304,-0.950428708590655,0.152945363011206,-0.278503510853265
UTILIZATION_PCT,MONTHLY,LARGE,50,NEUTRAL,0.664081124186711,0.969388376082239,0.039548040547148,0.999209334575417
UTILIZATION_PCT,MONTHLY,LARGE,100,LONG,3.198873099654512,1.092330860317245,0.145175318401668,0.826636344459590
UTILIZATION_PCT,MONTHLY,LARGE,100,SHORT,-0.652113228470215,-0.968050358529001,0.152981221867085,-0.445483730950357
UTILIZATION_PCT,MONTHLY,LARGE,100,NEUTRAL,0.396860146059431,0.932216469225077,0.032252849446439,0.803906475189622
UTILIZATION_PCT,MONTHLY,MID,20,LONG,2.845706974141094,1.082668388597909,0.164197853587494,0.708700589225845
UTILIZATION_PCT,MONTHLY,MID,20,SHORT,-0.850294463010841,-0.987758639112473,0.375988598130177,0.054097329627035
UTILIZATION_PCT,MONTHLY,MID,20,NEUTRAL,0.985945761508493,0.998925595219123,0.158150387401863,0.432206006453699
UTILIZATION_PCT,MONTHLY,MID,50,LONG,3.377024643530260,1.096836363563225,0.168713640912549,0.753487218475556
UTILIZATION_PCT,MONTHLY,MID,50,SHORT,0.008680978672574,0.697325579882055,0.288401571047846,0.155720228951100
UTILIZATION_PCT,MONTHLY,MID,50,NEUTRAL,1.873085103274762,1.048819058222410,0.103822489527907,0.828498389249600
UTILIZATION_PCT,MONTHLY,MID,100,LONG,3.104028067488574,1.089836731123201,0.168247008395001,0.725898820617597
UTILIZATION_PCT,MONTHLY,MID,100,SHORT,-0.340901541162886,-0.921517242406223,0.258877277412905,0.012944079521105
UTILIZATION_PCT,MONTHLY,MID,100,NEUTRAL,1.169417254354016,1.011957422735474,0.085613294396676,0.732837311749805
UTILIZATION_PCT,MONTHLY,SMALL,20,LONG,768.626292316016337,1.656411533431531,1.511996953151709,0.592068929252625
UTILIZATION_PCT,MONTHLY,SMALL,20,SHORT,-26787775.854325281927719,-3.665617015609227,216.093278783818319,-0.328703477525667
UTILIZATION_PCT,MONTHLY,SMALL,20,NEUTRAL,2433909.162443319440673,3.055172769855708,108.062318503895040,-0.324513700798261
UTILIZATION_PCT,MONTHLY,SMALL,50,LONG,77.834625682213250,1.391981233906281,0.613243574756893,0.716689141361844
UTILIZATION_PCT,MONTHLY,SMALL,50,SHORT,34588.437320598794810,2.211713823040657,88.471339884048958,-0.408952618488276
UTILIZATION_PCT,MONTHLY,SMALL,50,NEUTRAL,-0.999998930666157,-0.999999918784731,44.247248060492788,-0.403879141216267
UTILIZATION_PCT,MONTHLY,SMALL,100,LONG,90.686172622623999,1.408231340947147,0.375726561490205,1.068193181473451
UTILIZATION_PCT,MONTHLY,SMALL,100,SHORT,-1.000000002187438,-1.000000000166134,44.310563172968339,-0.446559662271536
UTILIZATION_PCT,MONTHLY,SMALL,100,NEUTRAL,7.977577626087423,1.170837259709623,22.161793867937001,-0.437373474593747
UTILIZATION_PCT,WEEKLY,LARGE,20,LONG,3.629539669643942,1.103761468175884,0.175420617255014,0.757903181506310
UTILIZATION_PCT,WEEKLY,LARGE,20,SHORT,-0.380930277745740,-0.928752085864953,0.188739430079644,-0.100592470495066
UTILIZATION_PCT,WEEKLY,LARGE,20,NEUTRAL,1.054259892642193,1.004054778509279,0.060522692654678,0.941515267819349
UTILIZATION_PCT,WEEKLY,LARGE,50,LONG,3.023289866993646,1.088420429498546,0.167379827163817,0.722108661429590
UTILIZATION_PCT,WEEKLY,LARGE,50,SHORT,-0.503713902963845,-0.948838481474176,0.170801087242654,-0.228855470707098
UTILIZATION_PCT,WEEKLY,LARGE,50,NEUTRAL,0.688452001448525,0.971815552156745,0.038970512399842,1.049224845779962
UTILIZATION_PCT,WEEKLY,LARGE,100,LONG,2.544121482030194,1.074131344921977,0.167912216060740,0.662330489114236
UTILIZATION_PCT,WEEKLY,LARGE,100,SHORT,-0.595815359100094,-0.961119373540248,0.167091321242266,-0.331725410570780
UTILIZATION_PCT,WEEKLY,LARGE,100,NEUTRAL,0.431266451571491,0.937621702560785,0.029181283213234,0.955834303828048
UTILIZATION_PCT,WEEKLY,MID,20,LONG,1.282210048625079,1.019219819646831,0.180100394271800,0.441660158404911
UTILIZATION_PCT,WEEKLY,MID,20,SHORT,-0.645825915860839,-0.967070271484497,0.251187938287343,-0.190476051611760
UTILIZATION_PCT,WEEKLY,MID,20,NEUTRAL,0.164407806934608,0.870868982750876,0.091419347878386,0.173365281535184
UTILIZATION_PCT,WEEKLY,MID,50,LONG,2.117951825454269,1.059155436187968,0.184768942819224,0.564712946854017
UTILIZATION_PCT,WEEKLY,MID,50,SHORT,-0.449482070441070,-0.940597020035883,0.247849758196613,-0.060629974023753
UTILIZATION_PCT,WEEKLY,MID,50,NEUTRAL,0.715715973046585,0.974710348919242,0.081079124177103,0.550784746947928
UTILIZATION_PCT,WEEKLY,MID,100,LONG,2.705002374071459,1.079187201437787,0.188323778392475,0.628225936199324
UTILIZATION_PCT,WEEKLY,MID,100,SHORT,-0.219665419173807,-0.890409935058919,0.233176863825638,0.034314265020264
UTILIZATION_PCT,WEEKLY,MID,100,NEUTRAL,1.212937906902739,1.014893863968942,0.067569508222210,0.934675847245516
UTILIZATION_PCT,WEEKLY,SMALL,20,LONG,1778031.708509606807576,3.010512488428263,14.097248593126527,0.379922489557309
UTILIZATION_PCT,WEEKLY,SMALL,20,SHORT,15.292509872738736,1.232285070947787,14.447231202645347,-0.523698284723959
UTILIZATION_PCT,WEEKLY,SMALL,20,NEUTRAL,-3608.053748925852306,-1.872523976277153,10.109789005069551,-0.109306357299775
UTILIZATION_PCT,WEEKLY,SMALL,50,LONG,67449.039475248745663,2.343249151004699,5.677618499225923,0.429311958605145
UTILIZATION_PCT,WEEKLY,SMALL,50,SHORT,37.855671870854095,1.320864705196021,112.481575043270973,-0.340736415433845
UTILIZATION_PCT,WEEKLY,SMALL,50,NEUTRAL,-1.000000003488344,-1.000000000267149,56.319644433111811,-0.318619724305126
UTILIZATION_PCT,WEEKLY,SMALL,100,LONG,9151.271016537700218,2.010865234241025,2.863584860108992,0.497332064351003
UTILIZATION_PCT,WEEKLY,SMALL,100,SHORT,-1.000000000000000,-1.000000000000000,57.939975709920528,-0.410326963070412
UTILIZATION_PCT,WEEKLY,SMALL,100,NEUTRAL,1.213228756429160,1.014912499248449,29.010815400849360,-0.385204300442525
UTILIZATION_PCT_DELTA,DAILY,LARGE,20,LONG,-0.121332194419768,-0.852592805769937,0.171738330478885,0.029575256705384
UTILIZATION_PCT_DELTA,DAILY,LARGE,20,SHORT,0.038240502534473,0.781318425617633,0.170984804347026,0.101491286377986
UTILIZATION_PCT_DELTA,DAILY,LARGE,20,NEUTRAL,0.148937728700292,0.865872883315662,0.037926223757319,0.295829682290567
UTILIZATION_PCT_DELTA,DAILY,MID,50,SHORT,-0.575388891072201,-0.960046436173670,0.189621301436116,-0.238496599871956
UTILIZATION_PCT_DELTA,DAILY,MID,50,NEUTRAL,0.186321523670880,0.883419425284853,0.037676265312078,0.353388994104021
UTILIZATION_PCT_DELTA,DAILY,MID,100,LONG,1.549445499874242,1.032831320871842,0.193092347844402,0.454347217726624
UTILIZATION_PCT_DELTA,DAILY,MID,100,SHORT,-0.710485534043579,-0.975100001343598,0.195976394217357,-0.368675692116126
UTILIZATION_PCT_DELTA,DAILY,MID,100,NEUTRAL,0.104695800624881,0.846641786807842,0.028076820982610,0.275658669485521
UTILIZATION_PCT_DELTA,DAILY,SMALL,20,LONG,-0.278510350896593,-0.910109342338571,0.372700717943869,0.113400868762385
UTILIZATION_PCT_DELTA,DAILY,SMALL,20,SHORT,3.919340554950713,1.105886182188152,7.827189311692420,-0.558531009507295
UTILIZATION_PCT_DELTA,DAILY,SMALL,20,NEUTRAL,-3.772457683323435,-1.102778046897968,3.915291299626618,-0.552891602608721
UTILIZATION_PCT_DELTA,DAILY,SMALL,50,LONG,1012.812799648234564,1.665175624668428,273.205428603609489,0.271665725092366
UTILIZATION_PCT_DELTA,DAILY,SMALL,50,SHORT,253.532474317000860,1.503624237012424,35.438509967589568,-0.434778524905330
UTILIZATION_PCT_DELTA,DAILY,SMALL,50,NEUTRAL,1.356270325551873,1.022708415613321,137.756506730745499,0.213465952236914
UTILIZATION_PCT_DELTA,DAILY,SMALL,100,LONG,1226.470377213637835,1.688827364299010,136.603975614604521,0.272446327811345
UTILIZATION_PCT_DELTA,DAILY,SMALL,100,SHORT,-0.999657942381093,-0.999974791760494,17.996341643360345,-0.488608795821250
UTILIZATION_PCT_DELTA,DAILY,SMALL,100,NEUTRAL,19.680424562460068,1.245517711914711,68.897176117511855,0.206278996490356
UTILIZATION_PCT_DELTA,MONTHLY,LARGE,20,LONG,1.284379250691274,1.019313477829916,0.151825846540367,0.492746521789437
UTILIZATION_PCT_DELTA,MONTHLY,LARGE,20,SHORT,-0.522676315327147,-0.951620206315084,0.162541868265543,-0.267059618614304
UTILIZATION_PCT_DELTA,MONTHLY,LARGE,20,NEUTRAL,0.215766684745830,0.889394313083937,0.039110722462498,0.401466483810947
UTILIZATION_PCT_DELTA,MONTHLY,LARGE,50,LONG,1.099188315262843,1.007254622245554,0.152564732748484,0.448988175353414
UTILIZATION_PCT_DELTA,MONTHLY,LARGE,50,SHORT,-0.631577304784720,-0.965485988944976,0.155802689257406,-0.410977557344772
UTILIZATION_PCT_DELTA,MONTHLY,LARGE,50,NEUTRAL,0.024081008261154,0.752153263074856,0.028866302771100,0.077397378471055
UTILIZATION_PCT_DELTA,MONTHLY,LARGE,100,LONG,1.726261515226606,1.042612185875784,0.149005709119283,0.590693622310336
UTILIZATION_PCT_DELTA,MONTHLY,LARGE,100,SHORT,-0.672975877679918,-0.970182562896887,0.153135107477158,-0.479734354241764
UTILIZATION_PCT_DELTA,MONTHLY,LARGE,100,NEUTRAL,0.095971216473797,0.835991496354871,0.023310565214216,0.312144944439547
UTILIZATION_PCT_DELTA,MONTHLY,MID,20,LONG,0.328441563716233,0.918420109349186,0.173295367534311,0.212010073231482
UTILIZATION_PCT_DELTA,MONTHLY,MID,20,SHORT,-0.498864201935706,-0.948234708068439,0.184349694450704,-0.192760507510687
UTILIZATION_PCT_DELTA,MONTHLY,MID,20,NEUTRAL,-0.015630005115751,-0.727710529398404,0.060309943242822,0.009990250654166
UTILIZATION_PCT_DELTA,MONTHLY,MID,50,LONG,0.637011123854538,0.966118381635424,0.166554757135698,0.310121560587868
UTILIZATION_PCT_DELTA,MONTHLY,MID,50,SHORT,-0.722093806655088,-0.975420478252776,0.191464993610946,-0.413543348822758
UTILIZATION_PCT_DELTA,MONTHLY,MID,50,NEUTRAL,-0.179976368981694,-0.877149853312293,0.052862342838792,-0.260363540052405
UTILIZATION_PCT_DELTA,MONTHLY,MID,100,LONG,0.827988423105973,0.985676355295537,0.169475516169877,0.357380439362709
UTILIZATION_PCT_DELTA,MONTHLY,MID,100,SHORT,-0.641060042390728,-0.966586367304005,0.190808766057459,-0.314474989023698
UTILIZATION_PCT_DELTA,MONTHLY,MID,100,NEUTRAL,-0.007460696609489,-0.687717204099431,0.041569279311969,0.006767615746288
UTILIZATION_PCT_DELTA,MONTHLY,SMALL,20,LONG,2225.382826817990389,1.802405861256236,19.244297835622901,0.352152500813653
UTILIZATION_PCT_DELTA,MONTHLY,SMALL,20,SHORT,-32.040179362622771,-1.303421749206922,9.831096096814448,-0.273511388785948
UTILIZATION_PCT_DELTA,MONTHLY,SMALL,20,NEUTRAL,-10750.426116446592572,-2.032986275595576,10.850964258722190,0.188370856498008
UTILIZATION_PCT_DELTA,MONTHLY,SMALL,50,LONG,923.056590932150462,1.685161993357790,7.705258560007537,0.369333804258028
UTILIZATION_PCT_DELTA,MONTHLY,SMALL,50,SHORT,-16.417026447877269,-1.238479297896717,3.923617082124878,-0.267246722532991
UTILIZATION_PCT_DELTA,MONTHLY,SMALL,50,NEUTRAL,-1353.116171752427563,-1.735152752348220,4.343224828451481,0.206901406451916
UTILIZATION_PCT_DELTA,MONTHLY,SMALL,100,LONG,470.144521260817518,1.600467960213229,3.868672119619715,0.401696106874442
UTILIZATION_PCT_DELTA,MONTHLY,SMALL,100,SHORT,-5.846075794809776,-1.144494849745029,1.960311474589010,-0.272784166828843
UTILIZATION_PCT_DELTA,MONTHLY,SMALL,100,NEUTRAL,-204.405406769106460,-1.501751739382793,2.178475616308822,0.233945376591182
UTILIZATION_PCT_DELTA,WEEKLY,LARGE,20,LONG,1.080360588080676,1.005945826270046,0.156309254536404,0.438295490001667
UTILIZATION_PCT_DELTA,WEEKLY,LARGE,20,SHORT,-0.530930265461181,-0.952601869222070,0.163222428442800,-0.274823441163106
UTILIZATION_PCT_DELTA,WEEKLY,LARGE,20,NEUTRAL,0.151630263798916,0.865305410687806,0.044934310088241,0.263187437425134
UTILIZATION_PCT_DELTA,WEEKLY,LARGE,50,LONG,0.980938370170183,0.998525021693450,0.162622975683160,0.404608802149367
UTILIZATION_PCT_DELTA,WEEKLY,LARGE,50,SHORT,-0.546851524729647,-0.954763021727272,0.164703926463215,-0.286439810986521
